CRUISE_ID,DATE_UTC,TIME_UTC,DATE_LOCAL,TIME_LOCAL,LONGITUDE_DEC,LATITUDE_DEC,STATION_NO,NISKIN_NO,CTDPRS_DBAR,CTDTMP_DEG_C_ITS90,CTDTMP_FLAG_W,CTDSAL_PSS78,CTDSAL_FLAG_W,SIGMATHETA_KG_M3,CTDOXY_UMOL_KG_ADJ,CTDOXY_MG_L,CTDOXY_FLAG_W,OXYGEN_UMOL_KG,OXYGEN_MG_L_1,OXYGEN_MG_L_2,OXYGEN_MG_L_3,OXYGEN_FLAG_W,TA_UMOL_KG,DIC_UMOL_KG,TA_FLAG_W,DIC_FLAG_W,NITRATE_UMOL_KG,NITRATE_UMOL_L,NITRITE_UMOL_KG,NITRITE_UMOL_L,AMMONIUM_UMOL_KG,AMMONIUM_UMOL_L,PHOSPHATE_UMOL_KG,PHOSPHATE_UMOL_L,SILICATE_UMOL_KG,SILICATE_UMOL_L,NUTRIENTS_FLAG_W
CAB1034,7/7/15,17:07:20,7/7/15,10:07:20,-122.454,47.7067,28,1,184.645,11.9063,2,30.2399,2,22.912,205.5,6.4663,2,206.2,6.75,-999,-999,2,2099,2009,2,2,14.4,14.7,0.39,0.4,4.1,4.18,2.08,2.12,35.27,35.99,2
CAB1034,7/7/15,17:10:07,7/7/15,10:10:07,-122.4542,47.7072,28,2,151.055,11.9613,2,30.2179,2,22.885,207.8,6.5411,2,210.8,6.901,-999,-999,2,2097.4,2004.1,2,2,14.41,14.7,0.39,0.4,3.87,3.95,2.03,2.07,34.28,34.99,2
CAB1034,7/7/15,17:12:29,7/7/15,10:12:29,-122.4537,47.7076,28,3,110.763,12.1894,2,30.2082,2,22.836,213.9,6.7345,2,213.8,6.997,-999,-999,2,2097.1,1995,2,2,13.8,14.08,0.36,0.37,3.66,3.73,1.94,1.98,32.98,33.66,2
CAB1034,7/7/15,17:15:43,7/7/15,10:15:43,-122.4533,47.7082,28,4,81.801,12.0929,2,30.0896,2,22.762,211.5,6.6592,2,199.1,6.517,-999,-999,2,2090.8,1993.4,2,2,14.22,14.52,0.39,0.4,3.85,3.93,1.99,2.03,32.76,33.43,2
CAB1034,7/7/15,17:18:26,7/7/15,10:18:26,-122.4534,47.7087,28,5,51.043,12.1497,2,29.8693,2,22.581,212.8,6.6986,2,211.9,6.935,-999,-999,2,2076,1989.1,2,2,15.09,15.4,0.45,0.46,3.68,3.76,2.04,2.08,34.81,35.52,2
CAB1034,7/7/15,17:20:35,7/7/15,10:20:35,-122.4529,47.7092,28,6,30.984,12.5318,2,29.7486,2,22.417,222.4,7.0048,2,228.2,7.467,-999,-999,2,2074.3,1975.7,2,2,13.82,14.1,0.42,0.43,3.59,3.66,1.98,2.02,34.83,35.53,2
CAB1034,7/7/15,17:22:13,7/7/15,10:22:13,-122.4523,47.7094,28,7,20.837,12.5782,2,29.7072,2,22.377,224.8,7.0809,2,225,7.362,-999,-999,2,2067.7,1970.1,2,2,13.46,13.73,0.42,0.43,3.59,3.66,1.96,2,34.16,34.85,2
CAB1034,7/7/15,17:24:07,7/7/15,10:24:07,-122.4518,47.7096,28,8,10.683,12.9414,2,29.6741,2,22.283,235,7.4079,2,236.1,7.722,-999,-999,2,2068.9,1958.1,2,2,12.2,12.44,0.39,0.4,2.95,3.01,1.83,1.87,32.71,33.37,2
CAB1034,7/7/15,17:26:08,7/7/15,10:26:08,-122.4514,47.71,28,9,5.567,13.3021,2,29.6275,2,22.177,250.2,7.8914,2,255.9,8.372,-999,-999,2,2060.3,1943.3,2,2,11.25,11.48,0.37,0.38,2.33,2.38,1.75,1.78,31.61,32.25,2
CAB1034,7/7/15,17:29:09,7/7/15,10:29:09,-122.451,47.7106,28,11,2.403,13.9787,2,29.5669,2,21.998,274.1,8.6562,2,272.6,8.915,-999,-999,2,2068.2,1925,2,2,9.36,9.54,0.33,0.34,1.31,1.33,1.5,1.53,29.11,29.7,2
CAB1034,7/7/15,20:04:36,7/7/15,13:04:36,-122.3716,47.8815,5,1,221.748,11.5143,2,30.2217,2,22.968,194.9,6.1277,2,193.8,6.343,-999,-999,2,2088.6,2016.1,2,2,17.2,17.55,0.49,0.5,2.54,2.59,2.13,2.18,39.25,40.06,2
CAB1034,7/7/15,20:08:24,7/7/15,13:08:24,-122.3721,47.8809,5,2,151.702,11.6008,2,30.2201,2,22.952,198.9,6.257,2,195.2,6.389,-999,-999,2,2098.8,1998,2,2,16.62,16.97,0.47,0.48,2.74,2.79,2.07,2.12,38.23,39.02,2
CAB1034,7/7/15,20:11:09,7/7/15,13:11:09,-122.3726,47.8805,5,3,111.762,11.8038,2,30.0889,2,22.814,205.4,6.4641,2,203,6.643,-999,-999,2,2081.9,1999,2,2,16.34,16.68,0.44,0.45,2.51,2.56,2,2.04,34.52,35.22,2
CAB1034,7/7/15,20:13:34,7/7/15,13:13:34,-122.373,47.88,5,4,81.017,11.7746,2,29.9133,2,22.683,204,6.4184,2,202.3,6.621,-999,-999,2,2079.8,2001,2,2,17.01,17.35,0.45,0.46,2.35,2.4,2.04,2.08,35.32,36.04,2
CAB1034,7/7/15,20:16:22,7/7/15,13:16:22,-122.3735,47.8795,5,5,50.697,12.0379,2,29.8437,2,22.582,212.3,6.6845,2,213.1,6.973,-999,-999,2,2075.1,1985.4,2,2,15.38,15.7,0.45,0.46,3.15,3.21,1.99,2.03,34.18,34.88,2
CAB1034,7/7/15,20:18:31,7/7/15,13:18:31,-122.3738,47.8791,5,6,30.618,12.5247,2,29.7311,2,22.405,225.8,7.113,2,222.9,7.291,-999,-999,2,2066.7,1972.6,2,2,13.73,14.01,0.39,0.4,4.05,4.13,1.97,2.01,34.22,34.91,2
CAB1034,7/7/15,20:20:21,7/7/15,13:20:21,-122.3741,47.8788,5,7,20.806,12.7288,2,29.695,2,22.339,230.5,7.2636,2,228.9,7.487,-999,-999,2,2068.9,1968.2,2,2,10.14,10.35,0.33,0.33,3.23,3.29,1.62,1.65,26.69,27.23,2
CAB1034,7/7/15,20:22:05,7/7/15,13:22:05,-122.3745,47.8785,5,8,10.68,13.2188,2,29.5596,2,22.141,241.1,7.6002,2,240.4,7.864,-999,-999,2,2062.1,1952.5,2,2,11.67,11.91,0.35,0.35,3.47,3.54,1.81,1.85,31.21,31.83,2
CAB1034,7/7/15,20:24:18,7/7/15,13:24:18,-122.375,47.8781,5,9,5.905,13.552,2,29.4366,2,21.981,253.3,7.9916,2,256.7,8.396,-999,-999,2,2049.8,1926.9,2,2,9.99,10.19,0.28,0.29,2.71,2.77,1.62,1.65,27.82,28.37,2
CAB1034,7/7/15,20:26:18,7/7/15,13:26:18,-122.3755,47.8777,5,11,2.65,16.1249,2,28.0769,2,20.404,325.8,10.2934,2,334.1,10.909,-999,-999,2,1957.2,1735.2,2,2,0.29,0.3,0.05,0.05,0,0,0.68,0.7,8.79,8.96,2
CAB1034,7/7/15,21:48:16,7/7/15,14:48:16,-122.3022,48.0159,1,1,96.388,10.5017,2,29.7723,2,22.792,153.7,4.8096,2,150.6,4.928,-999,-999,2,2060.3,2045.4,2,2,24.17,24.66,0.05,0.05,0,0,2.87,2.93,55.95,57.08,2
CAB1034,7/7/15,21:50:44,7/7/15,14:50:44,-122.3018,48.0157,1,2,81.432,10.4914,2,29.7422,2,22.77,161,5.0422,2,158.3,5.18,-999,-999,2,2058.3,2036.3,2,2,24.18,24.67,0.06,0.06,0,0,2.6,2.65,52.31,53.37,2
CAB1034,7/7/15,21:53:20,7/7/15,14:53:20,-122.3014,48.0155,1,3,51.463,11.0711,2,29.6174,2,22.576,184,5.7767,2,181.4,5.937,-999,-999,2,2052.1,2010.2,2,2,22.31,22.75,0.09,0.09,0,0,2.22,2.26,42.85,43.71,2
CAB1034,7/7/15,21:55:38,7/7/15,14:55:38,-122.301,48.0153,1,4,30.764,11.6015,2,29.5447,2,22.428,205.5,6.4632,2,199.5,6.526,-999,-999,2,2048.5,1980.9,2,2,19.46,19.86,0.18,0.18,0,0,2.01,2.05,36.51,37.25,2
CAB1034,7/7/15,21:57:39,7/7/15,14:57:39,-122.3007,48.015,1,5,20.532,11.8766,2,29.5218,2,22.361,215.8,6.795,2,213.6,6.989,-999,-999,2,2051.1,1971.2,2,2,17.65,18.01,0.41,0.42,0,0,1.91,1.95,34.11,34.79,2
CAB1034,7/7/15,21:59:48,7/7/15,14:59:48,-122.3004,48.0148,1,7,10.504,13.2535,2,29.1367,2,21.808,278.9,8.8089,2,251.5,8.223,-999,-999,2,2037.8,1913.8,2,2,9.36,9.55,0.29,0.29,0,0,1.38,1.4,20.01,20.4,2
CAB1034,7/7/15,22:01:48,7/7/15,15:01:48,-122.3,48.0145,1,9,5.832,15.2277,2,28.2068,2,20.695,354.4,11.2105,2,343.4,11.216,-999,-999,2,1993.1,1790.3,2,2,0.76,0.77,0.05,0.05,0,0,0.77,0.78,9.77,9.96,2
CAB1034,7/7/15,22:03:46,7/7/15,15:03:46,-122.2996,48.0142,1,11,2.535,18.1239,2,27.5302,2,19.533,332.4,10.4944,2,349.8,11.412,-999,-999,2,1963.6,1745.4,2,2,0.39,0.39,0.04,0.04,0,0,0.66,0.68,8.62,8.78,2
CAB1034,7/7/15,23:27:46,7/7/15,16:27:46,-122.4901,48.107,3,1,142.621,10.7851,2,29.7612,2,22.736,172.8,5.4209,2,173.8,5.688,-999,-999,2,2060,2026.2,2,2,22.74,23.2,0.09,0.09,0,0,2.42,2.46,49.07,50.07,2
CAB1034,7/7/15,23:30:24,7/7/15,16:30:24,-122.4896,48.107,3,2,110.913,10.7394,2,29.7232,2,22.714,170.5,5.3463,2,165.2,5.407,-999,-999,2,2059.3,2023.9,2,2,23,23.47,0.06,0.06,0,0,2.44,2.49,50.39,51.4,2
CAB1034,7/7/15,23:32:51,7/7/15,16:32:51,-122.4891,48.107,3,3,81.088,10.7918,2,29.6969,2,22.685,174.4,5.4722,2,174.7,5.718,-999,-999,2,2058.2,2025.9,2,2,22.75,23.21,0.04,0.04,0,0,2.35,2.4,48.32,49.3,2
CAB1034,7/7/15,23:35:15,7/7/15,16:35:15,-122.4886,48.1069,3,4,51.046,10.919,2,29.598,2,22.587,178.3,5.596,2,181.9,5.95,-999,-999,2,2057.5,2015.8,2,2,22.18,22.62,0.06,0.06,0,0,2.3,2.35,46.55,47.49,2
CAB1034,7/7/15,23:37:15,7/7/15,16:37:15,-122.488,48.1068,3,5,31.01,11.2684,2,29.5006,2,22.451,191.2,6.0078,2,196.9,6.443,-999,-999,2,2049.8,1997.2,2,2,20.48,20.9,0.1,0.1,0,0,2.14,2.19,40.58,41.39,2
CAB1034,7/7/15,23:39:01,7/7/15,16:39:01,-122.4875,48.1066,3,6,21.164,11.48,2,29.3493,2,22.297,202.5,6.3673,2,208.2,6.809,-999,-999,2,2047.1,1983.2,2,2,17.44,17.79,0.17,0.17,0,0,1.95,1.99,34.47,35.15,2
CAB1034,7/7/15,23:40:58,7/7/15,16:40:58,-122.4869,48.1065,3,7,10.589,12.4612,2,28.9763,2,21.833,251.8,7.942,2,312.4,10.215,-999,-999,3,2002.6,1844.2,2,2,4.17,4.25,0.09,0.09,0,0,1.04,1.06,15.07,15.37,2
CAB1034,7/7/15,23:42:57,7/7/15,16:42:57,-122.4863,48.1064,3,9,5.559,14.9551,2,27.5177,2,20.222,357,11.2869,2,358,11.686,-999,-999,2,1933,1722.5,2,2,0.59,0.6,0.03,0.03,0,0,0.7,0.71,12.33,12.56,2
CAB1034,7/7/15,23:44:33,7/7/15,16:44:33,-122.4858,48.1063,3,11,2.66,18.5627,2,26.1987,2,18.414,342.2,10.7969,2,347.6,11.326,-999,-999,2,1881.3,1651.5,2,2,0.18,0.18,0.01,0.01,0,0,0.62,0.63,11.62,11.82,2
CAB1034,7/8/15,1:01:14,7/7/15,18:01:14,-122.5546,48.2419,4,1,67.687,10.4192,2,29.4738,2,22.573,146.7,4.5827,2,147.8,4.824,4.848,-999,2,2050.3,2041.4,2,2,25.15,25.65,0.13,0.14,0,0,2.73,2.78,58.12,59.28,2
CAB1034,7/8/15,1:03:18,7/7/15,18:03:18,-122.5543,48.242,4,2,50.786,10.5043,2,29.4262,2,22.522,162.1,5.0773,2,158,5.163,5.176,-999,2,-999,-999,5,5,24.78,25.27,0.12,0.13,0,0,2.6,2.65,54.58,55.67,2
CAB1034,7/8/15,1:05:31,7/7/15,18:05:31,-122.5541,48.242,4,3,30.525,10.4538,2,29.3152,2,22.444,133.6,4.1646,2,139.5,4.578,4.548,-999,2,2039.5,2045.4,2,2,25.06,25.56,0.42,0.43,0.15,0.15,2.86,2.91,57.97,59.12,2
CAB1034,7/8/15,1:05:39,7/7/15,18:05:39,-122.5541,48.242,4,4,30.521,10.4524,2,29.3142,2,22.444,134,4.1762,2,139.6,4.567,-999,-999,2,-999,-999,9,9,-999,-999,-999,-999,-999,-999,-999,-999,-999,-999,9
CAB1034,7/8/15,1:07:18,7/7/15,18:07:18,-122.554,48.242,4,5,20.826,11.4717,2,29.3317,2,22.285,195.2,6.1344,2,200.2,6.547,6.55,-999,2,2042.3,1990.3,2,2,17.91,18.26,0.27,0.27,0,0,2.03,2.07,33.78,34.45,2
CAB1034,7/8/15,1:09:09,7/7/15,18:09:09,-122.5539,48.242,4,7,10.674,11.8553,2,29.0896,2,22.03,223.8,7.0482,2,228.1,7.47,7.448,-999,2,2034.4,1958.9,2,2,11.38,11.61,0.2,0.2,0,0,1.61,1.64,22.33,22.77,2
CAB1034,7/8/15,1:10:58,7/7/15,18:10:58,-122.5538,48.2421,4,9,5.683,13.141,2,27.7705,2,20.774,345.8,10.9362,2,331,10.896,10.729,-999,2,1982.2,1836.4,2,2,0.72,0.74,0.03,0.04,1.04,1.06,0.98,1,14.44,14.71,2
CAB1034,7/8/15,1:12:38,7/7/15,18:12:38,-122.5537,48.2421,4,11,2.487,16.1646,2,25.8996,2,18.727,414.7,13.1114,2,416.1,13.098,14.03,-999,2,1856,1612.3,2,2,0.08,0.08,0.01,0.01,0.13,0.13,0.63,0.64,19.4,19.73,2
CAB1034,7/8/15,16:34:20,7/8/15,9:34:20,-122.7194,48.3719,26,1,82.514,9.2195,2,32.0634,2,24.786,153.4,4.8093,2,154.7,5.074,-999,-999,2,2180.3,2123.3,2,2,23.08,23.59,0.28,0.29,1.35,1.38,2.12,2.17,41.23,42.14,2
CAB1034,7/8/15,16:34:28,7/8/15,9:34:28,-122.7194,48.3719,26,2,82.718,9.2299,2,32.0514,2,24.775,152.7,4.7865,2,153,5.015,-999,-999,2,2180.1,2123.3,2,2,23.08,23.59,0.28,0.28,1.38,1.41,2.13,2.18,41.51,42.42,2
CAB1034,7/8/15,16:37:20,7/8/15,9:37:20,-122.7192,48.3719,26,3,51.254,10.6503,2,30.7153,2,23.501,177.8,5.5833,2,179.5,5.878,-999,-999,2,2124.5,2049,2,2,19.08,19.48,0.28,0.28,1.53,1.56,1.91,1.95,37.59,38.38,2
CAB1034,7/8/15,16:39:21,7/8/15,9:39:21,-122.7191,48.3719,26,4,30.847,10.9072,2,30.476,2,23.271,183.4,5.7629,2,191.2,6.261,-999,-999,2,2107.3,2035.9,2,2,18.54,18.92,0.28,0.28,1.53,1.57,1.88,1.92,38.36,39.15,2
CAB1034,7/8/15,16:41:18,7/8/15,9:41:18,-122.7192,48.3719,26,5,21.093,10.9484,2,30.4316,2,23.23,184,5.7807,2,184.6,6.045,-999,-999,2,2106.8,2035.3,2,2,18.43,18.81,0.28,0.28,1.51,1.54,1.88,1.91,37.4,38.18,2
CAB1034,7/8/15,16:43:28,7/8/15,9:43:28,-122.7192,48.3716,26,7,10.9,11.1187,2,30.2678,2,23.073,186.7,5.8682,2,187.6,6.14,-999,-999,2,2100.7,2027.4,2,2,18.07,18.45,0.27,0.28,1.45,1.48,1.85,1.89,36.82,37.58,2
CAB1034,7/8/15,16:45:22,7/8/15,9:45:22,-122.7193,48.3715,26,9,5.258,11.4906,2,29.9641,2,22.773,194.5,6.1149,2,200,6.546,-999,-999,2,2079.5,1996,2,2,16.91,17.25,0.27,0.28,1.36,1.39,1.78,1.82,36.31,37.05,2
CAB1034,7/8/15,16:47:07,7/8/15,9:47:07,-122.7192,48.3715,26,11,2.748,11.8136,2,29.735,2,22.538,202.3,6.3618,2,200.9,6.575,-999,-999,2,2070,1988.1,2,2,16.29,16.61,0.27,0.28,1.32,1.34,1.76,1.8,35.64,36.36,2
CAB1034,7/8/15,18:51:14,7/8/15,11:51:14,-123.0205,48.2717,22,1,99.815,8.1446,2,32.9765,2,25.664,134,4.1902,2,131.9,4.332,4.323,-999,2,2225.1,2181.2,2,2,26.48,27.08,0.26,0.26,0.82,0.84,2.26,2.32,43.32,44.3,2
CAB1034,7/8/15,18:53:17,7/8/15,11:53:17,-123.0204,48.2717,22,2,81.014,8.4388,2,32.7711,2,25.459,141,4.4138,2,136.2,4.366,4.571,-999,2,2217.8,2163.9,2,2,25.57,26.15,0.26,0.27,0.89,0.91,2.25,2.3,42.41,43.37,2
CAB1034,7/8/15,18:55:46,7/8/15,11:55:46,-123.0204,48.2718,22,3,51.283,9.9757,2,31.5926,2,24.297,170.2,5.3445,2,170.9,5.609,5.594,-999,2,2158.7,2090.6,2,2,20.9,21.35,0.28,0.29,1.74,1.77,2.07,2.11,39.23,40.07,2
CAB1034,7/8/15,18:58:18,7/8/15,11:58:18,-123.0203,48.2717,22,4,30.74,11.0532,2,30.7814,2,23.484,193,6.0721,2,193.1,6.303,6.343,-999,2,2117.1,2024.2,6,2,17.92,18.29,0.29,0.3,1.68,1.72,1.88,1.92,35.74,36.49,2
CAB1034,7/8/15,19:00:12,7/8/15,12:00:12,-123.0202,48.2716,22,5,20.049,11.2575,2,30.488,2,23.22,201.8,6.3502,2,199.7,6.545,6.531,-999,2,2105.5,2014.7,6,6,17.5,17.86,0.29,0.3,1.4,1.43,1.83,1.87,35.34,36.08,2
CAB1034,7/8/15,19:02:07,7/8/15,12:02:07,-123.02,48.2714,22,7,10.368,11.6334,2,30.3601,2,23.055,225.6,7.111,2,226.2,7.376,7.431,-999,2,2101.3,1990.1,2,6,15.98,16.31,0.3,0.3,0.78,0.8,1.68,1.71,33.12,33.8,2
CAB1034,7/8/15,19:03:55,7/8/15,12:03:55,-123.0199,48.2712,22,9,5.379,11.732,2,30.3291,2,23.013,229.8,7.2445,2,231.6,7.637,7.528,-999,2,2099.5,1991.9,6,6,15.85,16.18,0.3,0.31,0.7,0.72,1.68,1.71,33.16,33.85,2
CAB1034,7/8/15,19:05:53,7/8/15,12:05:53,-123.0197,48.2709,22,11,2.799,11.7437,2,30.3314,2,23.013,228.9,7.2181,2,237.1,8.024,7.497,-999,2,2099,1988.7,6,6,15.92,16.25,0.32,0.33,0.71,0.72,1.65,1.69,33.04,33.72,2
CAB1034,7/8/15,21:09:24,7/8/15,14:09:24,-122.8543,48.1983,21,1,75.336,9.3323,2,32.1405,2,24.828,156.2,4.8983,2,166.4,5.456,-999,-999,2,-999,-999,9,9,22.7,23.2,0.28,0.29,1.69,1.73,2.18,2.23,40.9,41.81,2
CAB1034,7/8/15,21:11:48,7/8/15,14:11:48,-122.855,48.1979,21,2,50.545,10.0358,2,31.6403,2,24.324,172.2,5.4088,2,170.3,5.583,-999,-999,2,2159.5,2094.6,2,2,20.81,21.26,0.29,0.3,1.79,1.83,2.07,2.11,38.65,39.49,2
CAB1034,7/8/15,21:13:58,7/8/15,14:13:58,-122.8558,48.1977,21,3,30.284,10.7659,2,30.9815,2,23.689,186.9,5.876,2,186.2,6.098,-999,-999,2,2127.3,2063.9,2,2,18.89,19.29,0.29,0.3,1.83,1.87,1.96,2,37.06,37.85,2
CAB1034,7/8/15,21:15:50,7/8/15,14:15:50,-122.8565,48.1975,21,5,20.491,10.686,2,30.7783,2,23.544,185.1,5.8171,2,183.9,6.024,-999,-999,2,2120.4,2052.4,2,2,19.05,19.45,0.28,0.29,1.49,1.52,1.93,1.97,38.88,39.69,2
CAB1034,7/8/15,21:17:45,7/8/15,14:17:45,-122.8571,48.1974,21,7,10.54,11.0966,2,30.6442,2,23.37,191.9,6.035,2,191.1,6.258,-999,-999,2,2110.8,2031.2,2,2,18.32,18.7,0.28,0.29,1.39,1.42,1.89,1.93,37.07,37.85,2
CAB1034,7/8/15,21:19:24,7/8/15,14:19:24,-122.8577,48.1972,21,9,5.541,11.476,2,30.303,2,23.038,204.5,6.4353,2,208.9,6.838,-999,-999,2,2089.9,2002.5,2,2,16.75,17.1,0.28,0.29,1.08,1.1,1.77,1.81,35.61,36.34,2
CAB1034,7/8/15,21:21:37,7/8/15,14:21:37,-122.8583,48.197,21,11,3.128,11.8785,2,30.1257,2,22.829,212.1,6.678,2,211.6,6.924,-999,-999,2,2087.6,2002.9,2,2,16.65,17,0.28,0.29,1.04,1.06,1.77,1.81,35.46,36.19,2
CAB1034,7/8/15,22:37:34,7/8/15,15:37:34,-122.6945,48.1516,20,1,56.772,11.8909,2,30.5451,2,23.152,210.7,6.6344,2,211.1,6.912,-999,-999,2,2109.9,2019.3,2,2,15.54,15.87,0.33,0.33,2.42,2.48,1.9,1.94,33.67,34.37,2
CAB1034,7/8/15,22:39:49,7/8/15,15:39:49,-122.6952,48.1524,20,2,39.751,12.0424,2,30.4857,2,23.078,213.5,6.7242,2,213.9,7.001,-999,-999,2,2105,2010.7,2,2,15.37,15.69,0.32,0.33,2.49,2.54,1.9,1.94,32.86,33.55,2
CAB1034,7/8/15,22:42:09,7/8/15,15:42:09,-122.696,48.1532,20,3,30.324,12.0898,2,30.4724,2,23.059,215.2,6.7787,2,215.3,7.049,-999,-999,2,2106.6,2010.7,2,2,15.19,15.5,0.33,0.33,2.42,2.47,1.88,1.92,32.35,33.03,2
CAB1034,7/8/15,22:43:59,7/8/15,15:43:59,-122.6966,48.1537,20,5,19.936,12.1208,2,30.4569,2,23.042,215.5,6.7878,2,215.1,7.041,-999,-999,2,2103.7,2004.8,2,2,15.16,15.48,0.33,0.34,2.41,2.46,1.88,1.91,32.64,33.32,2
CAB1034,7/8/15,22:46:09,7/8/15,15:46:09,-122.6973,48.1544,20,7,10.312,12.2932,2,30.4081,2,22.972,218.2,6.8736,2,219,7.169,-999,-999,2,2103.9,2001.5,2,2,14.68,14.98,0.33,0.33,2.35,2.4,1.84,1.88,31.98,32.65,2
CAB1034,7/8/15,22:47:43,7/8/15,15:47:43,-122.6977,48.1548,20,9,5.114,12.5913,2,30.3359,2,22.861,225.8,7.1164,2,232.4,7.605,-999,-999,2,2098.5,1992.8,2,2,13.91,14.2,0.32,0.33,2.36,2.41,1.8,1.84,31.04,31.68,2
CAB1034,7/8/15,22:49:28,7/8/15,15:49:28,-122.6981,48.1553,20,11,2.69,12.5517,2,30.3409,2,22.872,223.5,7.0429,2,231.5,7.578,-999,-999,2,2100.2,1997.3,2,2,14.15,14.45,0.32,0.33,2.35,2.4,1.8,1.84,32.42,33.09,2
CAB1034,7/8/15,23:41:10,7/8/15,16:41:10,-122.631,48.0937,19,1,140.099,11.4174,2,30.7753,2,23.415,198.6,6.2485,2,204.1,6.683,-999,-999,2,2119.3,2035.3,2,2,16.88,17.24,0.32,0.33,2.47,2.52,1.97,2.01,34.43,35.15,2
CAB1034,7/8/15,23:43:43,7/8/15,16:43:43,-122.6309,48.0941,19,2,111.943,11.5721,2,30.6947,2,23.325,202.3,6.3683,2,202.8,6.641,-999,-999,2,2113.7,2031.5,2,2,16.33,16.67,0.33,0.33,2.46,2.52,1.94,1.98,33.82,34.53,2
CAB1034,7/8/15,23:46:27,7/8/15,16:46:27,-122.6308,48.0944,19,3,81.059,11.7071,2,30.6058,2,23.232,205,6.453,2,205.5,6.728,-999,-999,2,2115.1,2027.6,2,2,16.13,16.46,0.33,0.34,2.46,2.51,1.92,1.96,33.32,34.02,2
CAB1034,7/8/15,23:49:28,7/8/15,16:49:28,-122.6306,48.0947,19,4,51.508,12.2253,2,30.3312,2,22.925,215.6,6.792,2,214.6,7.025,-999,-999,2,2101,2007.6,2,2,14.6,14.9,0.34,0.35,2.6,2.65,1.86,1.9,31.86,32.52,2
CAB1034,7/8/15,23:51:56,7/8/15,16:51:56,-122.6304,48.0949,19,5,30.661,12.5623,2,30.1804,2,22.746,225.7,7.1117,2,228.4,7.476,-999,-999,2,2092.4,-999,2,5,13.42,13.69,0.34,0.34,2.58,2.63,1.81,1.85,30.26,30.89,2
CAB1034,7/8/15,23:53:53,7/8/15,16:53:53,-122.63,48.0951,19,6,20.612,12.6949,2,30.0767,2,22.641,227.9,7.1834,2,227,7.428,-999,-999,2,2086.4,1985.4,2,2,13.12,13.39,0.35,0.36,2.67,2.73,1.82,1.86,30.24,30.86,2
CAB1034,7/8/15,23:55:38,7/8/15,16:55:38,-122.6297,48.0952,19,7,10.74,12.7118,2,30.0738,2,22.635,228.9,7.2139,2,229.1,7.498,-999,-999,2,2084.9,1982.2,2,2,12.96,13.22,0.34,0.35,2.62,2.67,1.82,1.86,30.78,31.42,2
CAB1034,7/8/15,23:57:43,7/8/15,16:57:43,-122.6293,48.0953,19,9,5.6,12.7718,2,30.0144,2,22.578,231.2,7.2891,2,217.3,7.109,-999,-999,2,2086,1979.5,2,2,12.72,12.98,0.35,0.36,2.64,2.7,1.8,1.83,29.69,30.3,2
CAB1034,7/8/15,23:59:47,7/8/15,16:59:47,-122.6289,48.0954,19,11,2.839,13.1575,2,29.9115,2,22.425,236.9,7.4679,2,237.1,7.758,-999,-999,2,2080.9,1972.8,2,2,12.41,12.67,0.35,0.35,2.61,2.66,1.79,1.83,29.94,30.55,2
CAB1034,7/9/15,0:55:36,7/8/15,17:55:36,-122.6212,47.9818,7,1,75.997,11.7079,2,30.6077,2,23.234,205.3,6.4644,2,207.8,6.805,-999,-999,2,2110.9,2025.7,2,2,15.71,16.04,0.33,0.33,2.55,2.6,1.92,1.96,33.35,34.05,2
CAB1034,7/9/15,0:57:55,7/8/15,17:57:55,-122.6212,47.9813,7,2,51.376,11.8807,2,30.5284,2,23.141,209.4,6.594,2,208.4,6.823,-999,-999,2,2109.8,2023.3,2,2,15.33,15.65,0.32,0.33,2.56,2.61,1.91,1.95,33.02,33.7,2
CAB1034,7/9/15,1:00:01,7/8/15,18:00:01,-122.6212,47.9808,7,3,29.397,12.3052,2,30.3365,2,22.914,221,6.9622,2,220.1,7.205,-999,-999,2,2103.8,1998.1,2,2,13.77,14.05,0.33,0.33,2.52,2.57,1.81,1.85,30.42,31.05,2
CAB1034,7/9/15,1:01:43,7/8/15,18:01:43,-122.6212,47.9804,7,5,19.433,12.3646,2,30.3072,2,22.881,224.3,7.0679,2,228.2,7.47,-999,-999,2,2092.5,1978.2,2,2,12.88,13.15,0.34,0.34,2.62,2.67,1.82,1.85,29.55,30.16,2
CAB1034,7/9/15,1:03:38,7/8/15,18:03:38,-122.6212,47.9799,7,7,9.187,12.9838,2,29.9824,2,22.513,236.4,7.4551,2,233.1,7.628,-999,-999,2,2083.1,1966.7,2,2,12.21,12.46,0.35,0.36,2.75,2.81,1.76,1.8,29.14,29.74,2
CAB1034,7/9/15,1:05:19,7/8/15,18:05:19,-122.6214,47.9795,7,9,4.796,13.3588,2,29.8161,2,22.312,246.1,7.761,2,246,8.049,-999,-999,2,2072.6,1953,2,2,11.38,11.61,0.35,0.36,2.64,2.69,1.73,1.77,28.35,28.92,2
CAB1034,7/9/15,1:07:08,7/8/15,18:07:08,-122.6215,47.979,7,11,3.369,13.3369,2,29.8273,2,22.325,244.9,7.7243,2,254.6,8.329,-999,-999,2,2074.5,1953,2,2,11.36,11.59,0.35,0.36,2.62,2.67,1.74,1.77,29.32,29.91,2
CAB1034,7/9/15,1:54:15,7/8/15,18:54:15,-122.6052,47.8943,8,1,126.834,11.7915,2,30.5688,2,23.188,204.6,6.4407,2,198,6.483,-999,-999,2,2110.7,2019.9,2,2,15.31,15.63,0.32,0.32,2.93,2.99,1.93,1.97,37.32,38.1,2
CAB1034,7/9/15,1:56:21,7/8/15,18:56:21,-122.605,47.8939,8,2,110.862,11.7756,2,30.5741,2,23.195,203.6,6.409,2,201.6,6.602,-999,-999,2,2111.1,2020,2,2,15.31,15.63,0.32,0.32,2.92,2.98,1.94,1.98,33.97,34.67,2
CAB1034,7/9/15,1:58:53,7/8/15,18:58:53,-122.6047,47.8934,8,3,80.758,12.0151,2,30.487,2,23.084,211.7,6.6675,2,213.5,6.988,-999,-999,2,2105.3,2008.5,2,2,14.19,14.49,0.31,0.32,2.93,2.99,1.87,1.91,31.44,32.09,2
CAB1034,7/9/15,2:01:24,7/8/15,19:01:24,-122.6043,47.893,8,4,50.749,12.4427,2,30.3522,2,22.901,227.2,7.1619,2,227,7.429,-999,-999,2,2103.4,1991.5,2,2,12,12.25,0.28,0.29,2.61,2.67,1.72,1.75,27.95,28.53,2
CAB1034,7/9/15,2:03:30,7/8/15,19:03:30,-122.604,47.8926,8,5,30.687,12.7575,2,30.2477,2,22.761,238.5,7.5243,2,230.3,7.536,-999,-999,2,2096.5,1977.1,2,2,10.46,10.68,0.25,0.26,2.32,2.37,1.63,1.67,25.31,25.83,2
CAB1034,7/9/15,2:05:18,7/8/15,19:05:18,-122.6037,47.8923,8,6,20.806,13.0131,2,30.1747,2,22.656,247.4,7.8059,2,248.7,8.138,-999,-999,2,2099.3,1966.6,2,2,8.97,9.15,0.23,0.24,2.03,2.07,1.5,1.53,23.12,23.6,2
CAB1034,7/9/15,2:07:02,7/8/15,19:07:02,-122.6035,47.892,8,7,10.745,13.2343,2,30.1003,2,22.556,258.5,8.1626,2,256.5,8.391,-999,-999,2,2090.4,1950.9,2,2,7.96,8.12,0.2,0.2,1.49,1.52,1.42,1.44,21.34,21.77,2
CAB1034,7/9/15,2:08:41,7/8/15,19:08:41,-122.6032,47.8917,8,9,5.871,13.7073,2,29.9758,2,22.367,281.5,8.895,2,273.1,8.933,-999,-999,2,2085.6,1914.6,2,2,4.89,4.99,0.14,0.14,0.65,0.67,1.11,1.13,18.53,18.91,2
CAB1034,7/9/15,2:10:27,7/8/15,19:10:27,-122.6028,47.8913,8,12,2.597,14.9293,2,29.7911,2,21.976,388.3,12.3086,2,387.2,12.663,-999,-999,2,2077.2,1814.1,2,2,0.15,0.16,0.04,0.04,0,0,0.62,0.63,9.36,9.55,2
CAB1034,7/9/15,15:43:24,7/9/15,8:43:24,-122.7223,47.7985,10,1,46.627,12.1177,2,30.403,2,23,206,6.483,2,203,6.647,-999,-999,2,2103.2,2010.4,2,2,13.65,13.93,0.32,0.33,3.26,3.33,1.97,2.02,33.63,34.33,2
CAB1034,7/9/15,15:45:09,7/9/15,8:45:09,-122.7226,47.7983,10,2,40.949,12.2445,2,30.3103,2,22.905,206.7,6.5068,2,203.2,6.652,-999,-999,2,2102.1,2020.8,2,2,13.53,13.81,0.33,0.33,3.33,3.4,1.98,2.02,33.87,34.57,2
CAB1034,7/9/15,15:46:39,7/9/15,8:46:39,-122.7229,47.7982,10,3,30.9,12.2185,2,30.2529,2,22.866,202,6.3556,2,200.9,6.576,-999,-999,2,2097.2,2018.1,2,2,13.9,14.18,0.33,0.34,3.18,3.24,2,2.04,34.38,35.09,2
CAB1034,7/9/15,15:48:26,7/9/15,8:48:26,-122.7232,47.798,10,5,20.801,12.6378,2,29.9919,2,22.586,203.2,6.3933,2,201.2,6.584,-999,-999,2,2085.9,2007.9,2,2,14.19,14.48,0.32,0.33,2.42,2.47,1.99,2.03,36,36.74,2
CAB1034,7/9/15,15:50:41,7/9/15,8:50:41,-122.7235,47.7978,10,7,10.992,13.7883,2,29.7431,2,22.171,252.6,7.97,2,230.6,7.541,-999,-999,2,2075.1,1963.2,2,2,10.36,10.57,0.24,0.24,0.76,0.77,1.57,1.6,29.27,29.86,2
CAB1034,7/9/15,15:52:27,7/9/15,8:52:27,-122.7237,47.7976,10,9,5.99,15.0188,2,29.526,2,21.753,305.6,9.6606,2,312.1,10.203,-999,-999,2,2068.5,1874.9,2,2,0.12,0.13,0.02,0.02,0,0,0.75,0.76,15.34,15.65,2
CAB1034,7/9/15,15:54:21,7/9/15,8:54:21,-122.724,47.7974,10,11,2.609,15.3473,2,29.474,2,21.644,325.2,10.2877,2,318.3,10.406,-999,-999,2,2066.6,1868.3,2,2,0.11,0.11,0.03,0.03,0,0,0.73,0.74,14.97,15.27,2
CAB1034,7/9/15,16:30:34,7/9/15,9:30:34,-122.7627,47.7346,17,1,94.547,12.0907,2,30.3794,2,22.987,201.4,6.3354,2,200.2,6.554,-999,-999,2,2102.3,2026.6,2,2,13.94,14.23,0.31,0.32,3.87,3.95,2.02,2.06,34.77,35.49,2
CAB1034,7/9/15,16:32:27,7/9/15,9:32:27,-122.7629,47.7344,17,2,80.775,12.0755,2,30.2886,2,22.92,194.3,6.1097,2,194.4,6.363,-999,-999,2,2098.7,2026.7,2,2,14.62,14.93,0.32,0.33,3.74,3.82,2.06,2.1,36.45,37.2,2
CAB1034,7/9/15,16:34:53,7/9/15,9:34:53,-122.7631,47.7342,17,3,50.908,12.0223,2,30.2466,2,22.897,190.4,5.9853,2,193.5,6.333,-999,-999,2,2100,2028.5,2,2,14.98,15.29,0.33,0.34,3.66,3.74,2.09,2.13,36.6,37.35,2
CAB1034,7/9/15,16:37:01,7/9/15,9:37:01,-122.7633,47.734,17,4,30.838,11.914,2,30.1886,2,22.871,182.6,5.7328,2,200.6,6.567,-999,-999,2,2075.7,1997.9,2,2,14.39,14.68,0.31,0.32,1.8,1.83,1.99,2.03,36.81,37.57,2
CAB1034,7/9/15,16:38:38,7/9/15,9:38:38,-122.7634,47.7338,17,5,20.859,12.071,2,30.0667,2,22.748,183.9,5.7745,2,182.8,5.984,-999,-999,2,2083.5,2026.4,2,2,16.76,17.11,0.33,0.33,2.43,2.48,2.18,2.23,40.77,41.61,2
CAB1034,7/9/15,16:40:30,7/9/15,9:40:30,-122.7636,47.7337,17,7,10.779,12.7212,2,29.918,2,22.513,201.7,6.3443,2,202.6,6.629,-999,-999,2,2076,2001.8,2,2,14.27,14.56,0.29,0.3,1.79,1.82,1.96,2,36.03,36.76,2
CAB1034,7/9/15,16:42:03,7/9/15,9:42:03,-122.7637,47.7335,17,9,5.929,14.054,2,29.6866,2,22.075,245,7.7255,2,231.3,7.564,-999,-999,2,2073.8,1975.3,2,2,11.4,11.63,0.23,0.24,1.25,1.28,1.7,1.74,33.35,34.02,2
CAB1034,7/9/15,16:43:51,7/9/15,9:43:51,-122.7638,47.7333,17,12,2.516,16.5671,2,29.1026,2,21.092,311.5,9.843,2,302.5,9.884,-999,-999,2,2047.6,1860.7,2,2,1.22,1.24,0.06,0.06,0,0,0.93,0.95,19.24,19.62,2
CAB1034,7/9/15,17:13:33,7/9/15,10:13:33,-122.767,47.6906,16,1,103.586,11.9268,2,30.2673,2,22.93,187.5,5.89,2,181.8,5.95,-999,-999,2,2086.8,2035.2,2,2,16.33,16.67,0.33,0.34,3.33,3.4,2.18,2.23,39.25,40.06,2
CAB1034,7/9/15,17:16:02,7/9/15,10:16:02,-122.7669,47.6904,16,2,81.134,11.8145,2,30.2211,2,22.914,181.4,5.6945,2,180.7,5.916,-999,-999,2,2092.1,2035.5,2,2,16.85,17.19,0.32,0.33,3.14,3.21,2.22,2.26,40,40.83,2
CAB1034,7/9/15,17:18:22,7/9/15,10:18:22,-122.7668,47.6902,16,3,51.117,11.1715,2,29.9487,2,22.816,151.8,4.7496,2,149.2,4.884,-999,-999,2,2071.5,2050.6,2,2,22.54,23,0.26,0.26,0.84,0.85,2.47,2.52,48.02,49,2
CAB1034,7/9/15,17:20:28,7/9/15,10:20:28,-122.7666,47.6901,16,4,30.959,11.9613,2,30.0219,2,22.734,177,5.5534,2,173.9,5.691,-999,-999,2,2079.5,2030.7,2,2,18.14,18.51,0.32,0.33,2.03,2.07,2.24,2.29,42.34,43.21,2
CAB1034,7/9/15,17:22:19,7/9/15,10:22:19,-122.7664,47.6899,16,5,20.06,11.9535,2,29.9208,2,22.657,174.6,5.4782,2,175,5.726,-999,-999,2,2076,2027.1,2,2,18.33,18.7,0.3,0.31,1.54,1.57,2.21,2.26,42.96,43.83,2
CAB1034,7/9/15,17:24:08,7/9/15,10:24:08,-122.7661,47.6898,16,7,10.18,13.0087,2,29.6967,2,22.287,198.7,6.2472,2,217.1,7.101,-999,-999,2,2055.4,1946,2,2,10.33,10.53,0.2,0.2,0.28,0.29,1.61,1.64,31.9,32.55,2
CAB1034,7/9/15,17:25:43,7/9/15,10:25:43,-122.7659,47.6896,16,9,5.288,16.5803,2,28.9798,2,20.995,286,9.0266,2,292.8,9.566,-999,-999,2,2079.7,1841.5,2,2,1.24,1.26,0.08,0.08,0,0,0.97,0.99,18,18.36,2
CAB1034,7/9/15,17:27:20,7/9/15,10:27:20,-122.7657,47.6895,16,12,2.666,18.0316,2,28.6947,2,20.444,301.4,9.5156,2,308.1,10.06,-999,-999,2,2069.6,1839,2,2,1.12,1.14,0.08,0.08,0,0,0.96,0.98,17.63,17.97,2
CAB1034,7/9/15,18:13:28,7/9/15,11:13:28,-122.8611,47.6596,15,1,126.707,11.02,2,30.0727,2,22.939,143.2,4.473,2,138.5,4.533,-999,-999,2,2116.3,2062,2,2,23.78,24.27,0.2,0.21,0,0,2.61,2.66,52.83,53.91,2
CAB1034,7/9/15,18:16:29,7/9/15,11:16:29,-122.861,47.6596,15,2,81.076,11.2728,2,30.0742,2,22.896,154.6,4.8376,2,155.8,5.1,-999,-999,2,2118.2,2052.4,2,2,21.55,21.99,0.36,0.37,0.86,0.88,2.4,2.45,48.41,49.4,2
CAB1034,7/9/15,18:18:43,7/9/15,11:18:43,-122.8611,47.6595,15,3,51.036,11.0784,2,29.96,2,22.841,147.1,4.5972,2,147.1,4.815,-999,-999,2,2111.8,2055.4,2,2,23.51,23.99,0.28,0.28,0.12,0.13,2.48,2.53,48.78,49.78,2
CAB1034,7/9/15,18:20:54,7/9/15,11:20:54,-122.8611,47.6594,15,4,30.851,11.0557,2,29.858,2,22.766,144.9,4.5276,2,143.5,4.697,-999,-999,2,2069.1,2048.4,2,2,24.05,24.54,0.24,0.24,0,0,2.51,2.56,50.79,51.83,2
CAB1034,7/9/15,18:23:14,7/9/15,11:23:14,-122.8611,47.6593,15,5,20.88,10.8322,2,29.638,2,22.633,132.5,4.1305,2,136.1,4.454,-999,-999,2,2058.1,2054.4,2,2,25.01,25.52,0.15,0.15,0,0,2.58,2.63,52.43,53.48,2
CAB1034,7/9/15,18:25:21,7/9/15,11:25:21,-122.861,47.6591,15,7,9.998,15.5971,2,29.1435,2,21.336,353.6,11.1896,2,301.3,9.846,-999,-999,3,2054.2,1879.9,2,2,4.65,4.74,0.03,0.03,0,0,1.18,1.2,23.73,24.2,2
CAB1034,7/9/15,18:26:36,7/9/15,11:26:36,-122.861,47.6591,15,9,5.01,18.4388,2,28.5432,2,20.231,330.5,10.4425,2,349.7,11.416,-999,-999,2,2033,1811.4,2,2,0.19,0.19,0,0,0,0,0.84,0.86,16.6,16.92,2
CAB1034,7/9/15,18:28:25,7/9/15,11:28:25,-122.8609,47.659,15,12,2.747,20.3758,2,28.1167,2,19.426,294.2,9.2736,2,315.4,10.289,-999,-999,2,2011.5,1784.6,2,2,0.03,0.03,0.01,0.01,0,0,0.86,0.87,12.41,12.64,2
CAB1034,7/9/15,19:20:10,7/9/15,12:20:10,-122.9399,47.6059,14,1,167.639,10.5363,2,29.9782,2,22.947,107.3,3.3256,2,105.4,3.45,-999,-999,2,2078.1,2092.5,2,2,23.49,23.97,0.02,0.02,0,0,2.96,3.02,56.8,57.96,2
CAB1034,7/9/15,19:22:45,7/9/15,12:22:45,-122.9395,47.6062,14,2,141.928,10.9142,2,30.0511,2,22.94,136.7,4.2655,2,142.3,4.656,-999,-999,2,2083.9,2065.5,2,2,24.76,25.27,0.03,0.03,0,0,2.81,2.87,53.4,54.49,2
CAB1034,7/9/15,19:25:05,7/9/15,12:25:05,-122.9391,47.6065,14,3,112.162,10.9636,2,30.0536,2,22.933,141.7,4.4253,2,139.3,4.56,-999,-999,2,2076.9,2060.7,2,2,24.64,25.14,0.03,0.03,0,0,2.74,2.79,55.22,56.35,2
CAB1034,7/9/15,19:27:44,7/9/15,12:27:44,-122.9386,47.6068,14,4,81.58,10.9398,2,30.0104,2,22.904,136.4,4.2567,2,131,4.287,-999,-999,2,2071.7,2062.8,2,2,25.71,26.24,0.05,0.05,0,0,2.72,2.78,51.31,52.36,2
CAB1034,7/9/15,19:30:34,7/9/15,12:30:34,-122.9381,47.6072,14,5,50.694,10.3816,2,29.8253,2,22.853,122.3,3.8036,2,120.3,3.938,-999,-999,2,2068.5,2067.6,2,2,27.86,28.42,0.02,0.03,0,0,2.85,2.9,56.7,57.85,2
CAB1034,7/9/15,19:32:44,7/9/15,12:32:44,-122.9376,47.6075,14,6,30.766,10.3034,2,29.702,2,22.77,108.8,3.373,2,109.3,3.576,-999,-999,2,2061.6,2087.5,2,2,29.37,29.96,0.04,0.04,0,0,3,3.07,59.53,60.73,2
CAB1034,7/9/15,19:34:24,7/9/15,12:34:24,-122.9373,47.6077,14,7,20.93,10.4061,2,29.6323,2,22.699,106.7,3.3051,2,105.7,3.459,-999,-999,2,2055.3,2081.6,2,2,28.29,28.86,0.05,0.05,0,0,2.87,2.93,50.42,51.44,2
CAB1034,7/9/15,19:36:04,7/9/15,12:36:04,-122.9369,47.6079,14,8,10.963,13.0654,2,29.4235,2,22.065,305,9.6456,2,316.7,10.358,-999,-999,2,2068.6,1909,2,2,0.4,0.41,0.02,0.02,0,0,1.15,1.17,25.54,26.05,2
CAB1034,7/9/15,19:37:31,7/9/15,12:37:31,-122.9366,47.6081,14,9,5.727,19.0043,2,28.374,2,19.965,342.1,10.8086,2,291.5,9.514,-999,-999,3,1995.9,1768.5,2,2,0.03,0.03,0.01,0.01,0,0,0.98,1,8.19,8.35,2
CAB1034,7/9/15,19:38:37,7/9/15,12:38:37,-122.9363,47.6082,14,12,2.641,21.325,2,27.6673,2,18.838,281.7,8.8714,2,277.8,9.055,-999,-999,2,1981.3,1762.5,2,2,0.03,0.03,0.02,0.02,0,0,0.96,0.97,6.59,6.72,2
CAB1034,7/9/15,20:28:50,7/9/15,13:28:50,-123.0053,47.5497,13,1,136.949,10.4338,2,29.9413,2,22.935,105.1,3.253,2,98.3,3.217,-999,-999,2,-999,-999,9,9,27.81,28.38,0.01,0.01,0,0,3.17,3.24,65.24,66.57,2
CAB1034,7/9/15,20:31:06,7/9/15,13:31:06,-123.0047,47.5504,13,2,121.139,10.4719,2,29.9445,2,22.931,111.5,3.4593,2,109.7,3.591,-999,-999,2,-999,-999,9,9,25.7,26.22,0.02,0.02,0,0,2.94,3,58.1,59.29,2
CAB1034,7/9/15,20:33:26,7/9/15,13:33:26,-123.0041,47.5511,13,3,102.762,10.3945,2,29.9107,2,22.918,98.5,3.0412,2,91.3,2.988,-999,-999,2,-999,-999,9,9,28.87,29.46,0.04,0.04,0,0,3.14,3.2,60.84,62.08,2
CAB1034,7/9/15,20:38:35,7/9/15,13:38:35,-123.0026,47.5527,13,5,50.912,10.2878,2,29.8005,2,22.849,104.5,3.2354,2,102.1,3.342,-999,-999,2,-999,-999,9,9,29.16,29.76,0.03,0.03,0,0,3.06,3.12,61.46,62.71,2
CAB1034,7/9/15,20:40:57,7/9/15,13:40:57,-123.0018,47.5535,13,6,30.52,10.3248,2,29.6628,2,22.736,81.7,2.5041,2,76.4,2.499,-999,-999,2,-999,-999,9,9,30.88,31.5,0.06,0.06,0,0,3.33,3.4,60.97,62.2,2
CAB1034,7/9/15,20:42:43,7/9/15,13:42:43,-123.0012,47.554,13,7,21.067,10.5979,2,29.5527,2,22.605,96.5,2.978,2,98,3.207,-999,-999,2,-999,-999,9,9,27.52,28.07,0.16,0.17,0,0,3.07,3.13,58.99,60.18,2
CAB1034,7/9/15,20:44:30,7/9/15,13:44:30,-123.0006,47.5546,13,8,10.93,13.4795,2,29.3168,2,21.903,341.4,10.8059,2,349.5,11.429,-999,-999,2,-999,-999,9,9,0.02,0.02,-0.01,-0.01,0,0,1.09,1.12,27.69,28.24,2
CAB1034,7/9/15,20:45:54,7/9/15,13:45:54,-123.0001,47.555,13,9,6.193,16.3296,2,28.7723,2,20.892,351.7,11.1259,2,291.8,9.533,-999,-999,3,-999,-999,9,9,0.02,0.02,-0.01,-0.01,0,0,1.16,1.18,4.58,4.67,2
CAB1034,7/9/15,20:48:01,7/9/15,13:48:01,-122.9993,47.5557,13,12,2.353,21.1749,2,27.3843,2,18.663,290.2,9.1399,2,289.3,9.429,-999,-999,2,-999,-999,9,9,0.02,0.02,-0.01,-0.01,0,0,1.16,1.19,4.91,5,2
CAB1034,7/9/15,21:38:35,7/9/15,14:38:35,-123.0517,47.4931,401,1,149.932,10.3779,2,29.9311,2,22.936,83.1,2.5488,2,85.4,2.794,-999,-999,2,-999,-999,9,9,28.95,29.54,0.01,0.01,0,0,3.45,3.53,68.74,70.14,2
CAB1034,7/9/15,21:40:59,7/9/15,14:40:59,-123.0511,47.4937,401,2,121.337,10.3429,2,29.9049,2,22.921,72.4,2.2081,2,71.3,2.334,-999,-999,2,-999,-999,9,9,30.46,31.08,0.03,0.03,0,0,3.46,3.53,72.08,73.55,2
CAB1034,7/9/15,21:42:43,7/9/15,14:42:43,-123.0507,47.4941,401,3,101.813,10.3343,2,29.8953,2,22.915,70.4,2.1417,2,69.7,2.28,-999,-999,2,-999,-999,9,9,30.67,31.29,0.07,0.07,0,0,3.42,3.49,70.39,71.82,2
CAB1034,7/9/15,21:44:46,7/9/15,14:44:46,-123.0502,47.4947,401,4,82.03,10.3022,2,29.8686,2,22.9,68.1,2.0688,2,73.4,2.401,-999,-999,2,-999,-999,9,9,31.03,31.67,0.03,0.03,0,0,3.41,3.48,67.25,68.62,2
CAB1034,7/9/15,21:47:29,7/9/15,14:47:29,-123.0495,47.4954,401,5,51.071,10.2414,2,29.7974,2,22.854,81.5,2.4987,2,74.7,2.443,-999,-999,2,-999,-999,9,9,30.7,31.32,0.03,0.03,0,0,3.27,3.34,65.32,66.65,2
CAB1034,7/9/15,21:49:38,7/9/15,14:49:38,-123.0488,47.496,401,6,30.947,10.2835,2,29.6826,2,22.758,59.3,1.787,2,56.6,1.851,-999,-999,2,-999,-999,9,9,32.34,33,0.06,0.06,0,0,3.61,3.68,68.05,69.43,2
CAB1034,7/9/15,21:51:26,7/9/15,14:51:26,-123.0483,47.4965,401,7,20.494,10.6197,2,29.5555,2,22.604,70.1,2.1341,2,97.2,3.179,-999,-999,3,-999,-999,9,9,26.73,27.27,0.2,0.2,0,0,3.11,3.18,55.57,56.69,2
CAB1034,7/9/15,21:53:13,7/9/15,14:53:13,-123.0477,47.497,401,8,10.59,12.5066,2,29.4255,2,22.172,271.5,8.5753,2,335.3,10.967,-999,-999,3,-999,-999,9,9,0.11,0.11,0,0,0,0,1.19,1.22,31.42,32.05,2
CAB1034,7/9/15,21:54:31,7/9/15,14:54:31,-123.0473,47.4973,401,9,6.019,20.3279,2,27.4029,2,18.896,310.7,9.7963,2,296.6,9.671,-999,-999,2,-999,-999,9,9,0.06,0.06,0,0,0,0,1.25,1.28,3.45,3.51,2
CAB1034,7/9/15,21:56:05,7/9/15,14:56:05,-123.0468,47.4978,401,12,2.416,21.8087,2,27.0881,2,18.271,284.3,8.9496,2,285.4,9.299,-999,-999,2,-999,-999,9,9,0.03,0.03,0,0,0,0,1.26,1.28,2.84,2.89,2
CAB1034,7/9/15,22:46:31,7/9/15,15:46:31,-123.1073,47.4271,12,1,118.838,10.3066,2,29.9072,2,22.929,21.7,0.5834,2,23.4,0.707,0.822,-999,2,2082.7,2177.5,6,6,29.66,30.27,0.03,0.03,0,0,4.41,4.5,97.27,99.25,2
CAB1034,7/9/15,22:49:20,7/9/15,15:49:20,-123.1071,47.4277,12,2,81.615,10.265,2,29.8603,2,22.899,21.4,0.5736,2,20.6,0.668,0.68,-999,2,2067.1,2169.3,6,6,32.43,33.09,0.02,0.02,0,0,4,4.08,77.05,78.61,2
CAB1034,7/9/15,22:51:55,7/9/15,15:51:55,-123.1068,47.4283,12,3,51.044,10.2265,2,29.7753,2,22.84,47.2,1.4007,2,40.5,1.325,1.328,-999,2,2055.9,2144,6,6,32.93,33.6,0.02,0.02,0,0,3.74,3.82,68.98,70.38,2
CAB1034,7/9/15,22:54:01,7/9/15,15:54:01,-123.1066,47.4288,12,4,31.133,10.3185,2,29.6848,2,22.754,38.8,1.1306,2,36.4,1.223,1.16,-999,2,2057,2147,6,6,32.69,33.35,0.06,0.06,0,0,3.84,3.92,68.64,70.02,2
CAB1034,7/9/15,22:55:52,7/9/15,15:55:52,-123.1063,47.4293,12,5,20.325,10.6402,2,29.5654,2,22.608,51,1.52,2,53,1.732,1.746,1.729,2,2054.8,2139.5,6,6,28.53,29.1,0.27,0.27,0.44,0.44,3.71,3.78,70.19,71.6,2
CAB1034,7/9/15,22:58:03,7/9/15,15:58:03,-123.106,47.4299,12,7,10.53,12.0138,2,29.154,2,22.051,222.6,7.0074,2,254.8,8.582,8.085,-999,2,2070.8,2017.2,6,2,5.16,5.27,0.05,0.05,0,0,1.98,2.02,51.12,52.13,2
CAB1034,7/9/15,22:59:42,7/9/15,15:59:42,-123.1058,47.4304,12,9,5.511,15.1421,2,28.8153,2,21.181,363.2,11.495,2,328.7,10.899,10.584,-999,2,1947.5,1829.1,3,2,0.04,0.04,0,0,0,0,1.54,1.57,9.16,9.33,2
CAB1034,7/9/15,23:01:15,7/9/15,16:01:15,-123.1056,47.4308,12,12,2.462,20.8951,2,26.5853,2,18.13,292.2,9.1995,2,295,9.611,9.613,-999,2,1937.3,1794.4,6,6,0.05,0.05,0,0,0,0,1.52,1.54,8.95,9.11,2
CAB1034,7/10/15,0:55:12,7/9/15,17:55:12,-123.1323,47.3718,11,1,76.415,10.2628,2,29.85,2,22.892,11.6,0.2604,2,8.9,0.291,-999,-999,2,-999,-999,9,9,32.24,32.89,0.03,0.03,0,0,4.14,4.23,81.4,83.05,2
CAB1034,7/10/15,0:57:31,7/9/15,17:57:31,-123.1322,47.3722,11,2,50.572,10.2656,2,29.7923,2,22.846,16.9,0.4297,2,16.4,0.537,-999,-999,2,-999,-999,9,9,32.47,33.13,0.07,0.08,0,0,4.08,4.16,81.25,82.89,2
CAB1034,7/10/15,0:59:17,7/9/15,17:59:17,-123.1321,47.3724,11,3,30.556,10.443,2,29.688,2,22.736,31.5,0.8963,2,29.7,0.973,-999,-999,2,-999,-999,9,9,30.53,31.15,0.2,0.2,0.12,0.12,4.1,4.18,74.79,76.3,2
CAB1034,7/10/15,1:01:08,7/9/15,18:01:08,-123.1319,47.3728,11,5,20.552,10.725,2,29.6025,2,22.623,51.3,1.5312,2,51.4,1.681,-999,-999,2,-999,-999,9,9,26.22,26.75,0.2,0.21,1.48,1.51,4.02,4.1,70.7,72.12,2
CAB1034,7/10/15,1:02:51,7/9/15,18:02:51,-123.1318,47.3731,11,7,10.514,12.0592,2,29.3691,2,22.21,246.7,7.7824,2,277.4,9.074,-999,-999,2,-999,-999,9,9,3.55,3.62,0.05,0.05,0,0,1.7,1.74,43.75,44.62,2
CAB1034,7/10/15,1:04:15,7/9/15,18:04:15,-123.1317,47.3733,11,9,5.617,13.8833,2,29.1886,2,21.725,346.1,10.9569,2,367.6,12.019,-999,-999,2,-999,-999,9,9,0.21,0.22,0,0,0,0,1.56,1.59,42.57,43.42,2
CAB1034,7/10/15,1:05:57,7/9/15,18:05:57,-123.1315,47.3737,11,12,2.881,20.7856,2,27.02,2,18.488,306.7,9.6655,2,296.1,9.65,-999,-999,2,-999,-999,9,9,0.1,0.1,0,0,0,0,1.48,1.51,6.12,6.23,2
CAB1034,7/10/15,1:45:30,7/9/15,18:45:30,-123.0221,47.3571,402,1,44.464,10.4844,2,29.6761,2,22.72,19,0.4962,2,17.7,0.58,-999,-999,2,2072.2,2198.6,2,2,26.89,27.43,0.28,0.29,2.57,2.62,5.12,5.22,85.36,87.08,2
CAB1034,7/10/15,1:47:35,7/9/15,18:47:35,-123.0217,47.3574,402,3,30.601,10.5337,2,29.6555,2,22.696,19.3,0.5071,2,18,0.59,-999,-999,2,2073.6,2187.6,2,2,26.32,26.85,0.27,0.27,3.2,3.26,5.13,5.23,92.03,93.89,2
CAB1034,7/10/15,1:49:29,7/9/15,18:49:29,-123.0211,47.3576,402,5,20.428,10.914,2,29.5546,2,22.554,45.4,1.3405,2,46.4,1.519,-999,-999,2,2074.3,2171.1,2,2,22.29,22.74,0.23,0.23,3.94,4.02,4.73,4.83,88.45,90.22,2
CAB1034,7/10/15,1:51:14,7/9/15,18:51:14,-123.0205,47.358,402,7,10.617,12.3869,2,29.274,2,22.077,202.9,6.379,2,228.6,7.477,-999,-999,2,2070.1,2073.8,2,2,8.12,8.28,0.09,0.09,0.23,0.24,2.75,2.81,67.57,68.92,2
CAB1034,7/10/15,1:55:07,7/9/15,18:55:07,-123.0193,47.3587,402,10,5.12,15.897,2,28.4202,2,20.717,357.8,11.3176,2,349,11.399,-999,-999,2,2027.4,1905.4,2,2,0.11,0.12,0,0,0,0,2,2.04,42.99,43.82,2
CAB1034,7/10/15,1:56:38,7/9/15,18:56:38,-123.0189,47.359,402,12,2.716,21.8239,2,26.0505,2,17.482,294.3,9.2593,2,297.7,9.693,-999,-999,2,1918.7,1781.5,2,2,0.07,0.07,0.01,0.01,0,0,1.61,1.64,13.3,13.53,2
CAB1034,7/10/15,22:59:56,7/10/15,15:59:56,-122.4437,47.5583,29,1,226.233,11.8712,2,30.2186,2,22.902,199.1,6.2641,2,193.7,6.339,-999,-999,2,-999,-999,9,9,15.13,15.44,0.51,0.52,4.31,4.4,2.14,2.18,38.65,39.45,2
CAB1034,7/10/15,23:03:21,7/10/15,16:03:21,-122.4437,47.5587,29,2,171.428,11.9215,2,30.218,2,22.893,202.4,6.3687,2,200.5,6.562,-999,-999,2,-999,-999,9,9,15.05,15.36,0.49,0.5,4.19,4.27,2.05,2.09,34.97,35.69,2
CAB1034,7/10/15,23:05:24,7/10/15,16:05:24,-122.4437,47.5589,29,3,151.724,11.8667,2,30.1924,2,22.883,200.9,6.3199,2,198.8,6.505,-999,-999,2,2101.6,2031.2,2,3,15.59,15.91,0.5,0.51,4.4,4.49,2.07,2.12,35.91,36.65,2
CAB1034,7/10/15,23:08:03,7/10/15,16:08:03,-122.4437,47.5592,29,4,121.599,11.8442,2,30.1458,2,22.851,200.7,6.3132,2,198.7,6.503,-999,-999,2,2091.3,2033.4,2,3,16.07,16.4,0.51,0.52,4.84,4.94,2.08,2.12,35.79,36.53,2
CAB1034,7/10/15,23:10:02,7/10/15,16:10:02,-122.4436,47.5595,29,5,101.368,11.8829,2,30.0973,2,22.806,200.8,6.317,2,199.5,6.529,-999,-999,2,2096.4,2053.6,2,3,16.2,16.54,0.5,0.51,4.07,4.15,2.05,2.09,36.28,37.02,2
CAB1034,7/10/15,23:12:11,7/10/15,16:12:11,-122.4435,47.5597,29,6,81.378,12.0071,2,30.0888,2,22.777,204.5,6.4347,2,204.1,6.679,-999,-999,2,2087.8,2049.4,2,3,15.45,15.77,0.49,0.5,3.59,3.67,2,2.04,34.32,35.02,2
CAB1034,7/10/15,23:14:38,7/10/15,16:14:38,-122.4435,47.5601,29,7,51.3,12.6482,2,29.8584,2,22.48,219.1,6.8996,2,218,7.131,-999,-999,2,2080.8,2006.1,2,3,14.14,14.43,0.46,0.47,3.29,3.35,1.93,1.97,35.14,35.86,2
CAB1034,7/10/15,23:17:00,7/10/15,16:17:00,-122.4434,47.5605,29,8,30.516,12.846,2,29.7298,2,22.344,222.3,7.0024,2,220.4,7.211,-999,-999,2,2074.8,2016.7,2,3,13.81,14.09,0.42,0.42,3.52,3.59,1.94,1.98,35.18,35.9,2
CAB1034,7/10/15,23:18:45,7/10/15,16:18:45,-122.4432,47.5608,29,9,20.443,13.0136,2,29.7071,2,22.294,226.1,7.1212,2,231.1,7.56,-999,-999,2,2072.9,1991.1,2,3,13.65,13.93,0.4,0.41,3.41,3.48,1.93,1.97,35.3,36.02,2
CAB1034,7/10/15,23:20:28,7/10/15,16:20:28,-122.443,47.5612,29,10,10.489,13.1606,2,29.6984,2,22.26,231.3,7.2903,2,241.7,7.906,-999,-999,2,2074.2,2013.2,2,3,13.11,13.37,0.38,0.39,3.24,3.3,1.91,1.94,34.75,35.45,2
CAB1034,7/10/15,23:22:03,7/10/15,16:22:03,-122.4428,47.5615,29,11,5.428,14.09,2,29.6683,2,22.054,245.3,7.7355,2,242.6,7.936,-999,-999,2,2083,2032.7,2,3,11.98,12.23,0.36,0.36,2.87,2.93,1.88,1.92,33.27,33.94,2
CAB1034,7/10/15,23:23:30,7/10/15,16:23:30,-122.4425,47.5618,29,12,2.563,14.1578,2,29.6678,2,22.039,246.5,7.7738,2,243.5,7.964,-999,-999,2,2069.7,1985.5,2,3,11.81,12.05,0.35,0.35,2.8,2.85,1.89,1.92,33.05,33.72,2
CAB1034,7/11/15,0:25:57,7/10/15,17:25:57,-122.4072,47.4597,30,1,216.714,11.6212,2,30.1667,2,22.907,194,6.0982,2,192.8,6.31,-999,-999,2,2092,2030.7,2,2,17.05,17.4,0.44,0.45,3.65,3.72,2.26,2.31,39.67,40.49,2
CAB1034,7/11/15,0:29:05,7/10/15,17:29:05,-122.4073,47.4603,30,2,182.211,11.6504,2,30.1723,2,22.906,195.7,6.1529,2,194.1,6.354,-999,-999,2,2094.4,2030.9,2,2,16.78,17.13,0.46,0.46,3.62,3.7,2.23,2.27,38.9,39.7,2
CAB1034,7/11/15,0:31:29,7/10/15,17:31:29,-122.4073,47.4608,30,3,151.5,11.7491,2,30.1702,2,22.887,198.7,6.2501,2,198.5,6.496,-999,-999,2,2098.8,2040.9,2,2,16.33,16.67,0.49,0.5,3.7,3.78,2.19,2.24,36.77,37.52,2
CAB1034,7/11/15,0:34:37,7/10/15,17:34:37,-122.4072,47.4614,30,4,101.673,11.856,2,30.1586,2,22.859,201.8,6.3474,2,205.1,6.714,-999,-999,2,2098.2,2042.6,2,2,15.73,16.05,0.51,0.52,3.89,3.97,2.15,2.2,35.56,36.29,2
CAB1034,7/11/15,0:36:50,7/10/15,17:36:50,-122.4073,47.4618,30,5,81.304,11.9228,2,30.1257,2,22.821,203.3,6.3965,2,204.2,6.683,-999,-999,2,2088.5,2015.4,2,2,15.65,15.97,0.52,0.53,3.85,3.93,2.1,2.15,35.09,35.81,2
CAB1034,7/11/15,0:39:17,7/10/15,17:39:17,-122.4075,47.4623,30,6,50.764,12.2235,2,29.9059,2,22.596,209.5,6.5947,2,211.4,6.919,-999,-999,2,2074.2,2007.5,2,2,15.48,15.79,0.5,0.51,3.46,3.53,2.09,2.13,35.43,36.15,2
CAB1034,7/11/15,0:41:10,7/10/15,17:41:10,-122.4076,47.4627,30,7,30.571,12.6946,2,29.7572,2,22.393,219.4,6.9082,2,219.9,7.194,-999,-999,2,2075.4,1994.2,2,2,14.25,14.54,0.44,0.45,3.62,3.69,2.04,2.08,36.03,36.76,2
CAB1034,7/11/15,0:42:46,7/10/15,17:42:46,-122.4076,47.463,30,8,20.721,13.4337,2,29.6833,2,22.195,230.3,7.2569,2,230.5,7.538,-999,-999,2,2067,1977,2,2,13.37,13.64,0.4,0.4,3.76,3.84,1.99,2.03,35.1,35.81,2
CAB1034,7/11/15,0:44:17,7/10/15,17:44:17,-122.4075,47.4634,30,9,10.802,14.5595,2,29.599,2,21.905,254,8.0136,2,250.2,8.181,-999,-999,2,2065.2,1962,2,2,11.95,12.19,0.36,0.37,2.9,2.96,1.82,1.86,32.66,33.31,2
CAB1034,7/11/15,0:45:43,7/10/15,17:45:43,-122.4074,47.4638,30,10,5.918,15.2636,2,29.5335,2,21.707,292.4,9.2388,2,288.7,9.437,-999,-999,2,2070.4,1971.4,2,2,9.16,9.35,0.33,0.34,0.76,0.77,1.48,1.51,29.87,30.47,2
CAB1034,7/11/15,0:47:28,7/10/15,17:47:28,-122.4074,47.4643,30,12,2.485,15.2502,2,29.5296,2,21.707,295.6,9.3398,2,303.5,9.923,-999,-999,2,2071.1,1970.3,2,2,7.67,7.83,0.32,0.32,0.75,0.76,1.37,1.39,28.66,29.23,2
CAB1034,7/11/15,1:38:36,7/10/15,18:38:36,-122.3594,47.3937,31,1,208.135,11.665,2,30.1672,2,22.899,196.6,6.1829,2,194.5,6.366,-999,-999,2,2091.8,2025,2,2,17.02,17.37,0.42,0.43,3.39,3.46,2.17,2.22,39.03,39.83,2
CAB1034,7/11/15,1:40:51,7/10/15,18:40:51,-122.3595,47.3941,31,2,182.546,11.676,2,30.1671,2,22.897,197.9,6.2241,2,198.3,6.49,-999,-999,2,2087.1,2020.7,2,2,16.9,17.25,0.43,0.44,3.4,3.47,2.17,2.21,37.76,38.54,2
CAB1034,7/11/15,1:43:14,7/10/15,18:43:14,-122.3595,47.3943,31,3,151.874,11.7821,2,30.1543,2,22.868,200.6,6.3109,2,211.1,6.908,-999,-999,2,2083.5,2022.5,2,2,16.52,16.86,0.47,0.48,3.48,3.55,2.13,2.18,36.78,37.53,2
CAB1034,7/11/15,1:45:32,7/10/15,18:45:32,-122.3595,47.3946,31,4,121.63,11.769,2,30.1321,2,22.854,200.1,6.2955,2,198.5,6.497,-999,-999,2,2089.5,2016.2,2,2,16.46,16.79,0.48,0.49,3.47,3.54,2.12,2.17,36.57,37.32,2
CAB1034,7/11/15,1:47:28,7/10/15,18:47:28,-122.3595,47.3948,31,5,101.624,11.9268,2,30.0537,2,22.764,203.3,6.3952,2,200.9,6.573,-999,-999,2,2086.5,2019.5,2,2,16.34,16.68,0.52,0.53,3.36,3.43,2.09,2.14,35.77,36.5,2
CAB1034,7/11/15,1:49:20,7/10/15,18:49:20,-122.3595,47.395,31,6,81.617,12.1304,2,29.9115,2,22.617,208.8,6.5725,2,214.7,7.024,-999,-999,2,2077,2005.4,2,2,15.9,16.23,0.51,0.52,3.22,3.29,2.07,2.12,35.95,36.68,2
CAB1034,7/11/15,1:51:48,7/10/15,18:51:48,-122.3595,47.3953,31,7,50.726,12.6762,2,29.7534,2,22.394,220.3,6.9371,2,218.5,7.149,-999,-999,2,2073.7,1989.3,2,2,14.09,14.37,0.49,0.5,3.8,3.88,2.02,2.07,35.47,36.19,2
CAB1034,7/11/15,1:53:44,7/10/15,18:53:44,-122.3595,47.3954,31,8,30.715,13.0106,2,29.6967,2,22.287,227,7.1517,2,224.8,7.353,-999,-999,2,2077.6,1979.3,2,2,13.35,13.62,0.42,0.43,3.96,4.04,1.99,2.03,34.73,35.43,2
CAB1034,7/11/15,1:55:17,7/10/15,18:55:17,-122.3596,47.3956,31,9,20.819,13.3228,2,29.6706,2,22.207,234.6,7.3941,2,233.7,7.643,-999,-999,2,2069.7,1972.2,2,2,12.94,13.2,0.39,0.39,3.66,3.73,1.92,1.96,33.81,34.49,2
CAB1034,7/11/15,1:56:48,7/10/15,18:56:48,-122.3596,47.3957,31,10,10.811,13.5676,2,29.6499,2,22.143,240.4,7.5798,2,257.8,8.431,-999,-999,2,2065.3,1974.3,2,2,8.15,8.32,0.26,0.27,1.63,1.66,1.39,1.42,22.6,23.06,2
CAB1034,7/11/15,1:58:07,7/10/15,18:58:07,-122.3596,47.3959,31,11,5.714,14.3097,2,29.5824,2,21.943,268.8,8.4849,2,265.4,8.679,-999,-999,2,2070.9,1978.2,2,2,11.54,11.77,0.35,0.36,0.91,0.93,1.64,1.68,30.64,31.26,2
CAB1034,7/11/15,1:59:35,7/10/15,18:59:35,-122.3596,47.3961,31,12,2.638,15.1956,2,29.4317,2,21.643,322.3,10.1944,2,297.7,9.734,-999,-999,2,2066.6,1950.5,2,2,8.43,8.6,0.31,0.32,0.3,0.3,1.4,1.42,28.55,29.12,2
CAB1034,7/11/15,14:50:23,7/11/15,7:50:23,-122.4984,47.3168,33,1,140.572,11.7118,2,30.0907,2,22.832,197.2,6.2007,2,195.3,6.392,-999,-999,2,2084.2,2032.1,2,2,17.43,17.79,0.44,0.45,3.02,3.08,2.13,2.17,37,37.76,2
CAB1034,7/11/15,14:52:49,7/11/15,7:52:49,-122.4976,47.3167,33,2,113.742,11.7557,2,30.0625,2,22.802,198.5,6.2422,2,195.7,6.403,-999,-999,2,2083.1,2020.8,2,2,16.85,17.2,0.45,0.46,3.02,3.08,2.09,2.14,36.66,37.41,2
CAB1034,7/11/15,14:55:44,7/11/15,7:55:44,-122.4969,47.3167,33,3,80.412,12.3027,2,29.8757,2,22.558,211.4,6.6538,2,209.2,6.845,-999,-999,2,2081,1999.2,2,2,15.52,15.84,0.45,0.46,3.13,3.19,2.03,2.07,36.31,37.04,2
CAB1034,7/11/15,14:57:58,7/11/15,7:57:58,-122.4961,47.3164,33,4,50.579,12.4973,2,29.8105,2,22.472,217.1,6.8346,2,217.5,7.117,-999,-999,2,2074.8,1994.5,2,2,14.5,14.79,0.44,0.45,3.35,3.41,1.98,2.02,36.07,36.8,2
CAB1034,7/11/15,15:00:05,7/11/15,8:00:05,-122.4953,47.3161,33,5,30.563,12.5262,2,29.7998,2,22.458,217.6,6.8508,2,205,6.708,-999,-999,2,2078.8,1997.1,2,2,14.77,15.06,0.45,0.46,3.21,3.28,1.99,2.03,36.17,36.9,2
CAB1034,7/11/15,15:01:35,7/11/15,8:01:35,-122.4947,47.3158,33,6,20.73,12.6175,2,29.7717,2,22.419,219.3,6.9061,2,217.3,7.109,-999,-999,2,2077.1,1989.7,2,2,14.39,14.69,0.45,0.46,3.32,3.38,1.99,2.03,35.79,36.51,2
CAB1034,7/11/15,15:03:06,7/11/15,8:03:06,-122.4941,47.3156,33,7,10.5,12.7167,2,29.7079,2,22.351,219.2,6.9033,2,218.3,7.142,-999,-999,2,2076.6,1992.6,2,2,14.4,14.69,0.44,0.44,3.29,3.35,2,2.04,35.68,36.4,2
CAB1034,7/11/15,15:04:35,7/11/15,8:04:35,-122.4936,47.3155,33,9,5.6,12.6335,2,29.7376,2,22.39,221.2,6.9666,2,218.4,7.146,-999,-999,2,2073,1993.3,2,2,14.38,14.67,0.44,0.44,3.27,3.33,2,2.04,35.8,36.52,2
CAB1034,7/11/15,15:06:08,7/11/15,8:06:08,-122.493,47.3154,33,12,2.576,12.648,2,29.7506,2,22.397,220.4,6.9408,2,218.8,7.157,-999,-999,2,2068.8,1984.7,2,2,14.34,14.63,0.43,0.44,3.29,3.36,2,2.05,35.72,36.44,2
CAB1034,7/11/15,16:44:15,7/11/15,9:44:15,-122.6317,47.1838,35,1,157.663,13.0511,2,29.615,2,22.216,218.6,6.8824,2,221.5,7.246,-999,-999,2,2071.2,1996.7,2,2,12.75,13.01,0.39,0.4,5.64,5.75,2.08,2.13,37.54,38.29,2
CAB1034,7/11/15,16:47:10,7/11/15,9:47:10,-122.6315,47.1842,35,2,122.499,13.1535,2,29.5413,2,22.139,219.7,6.9174,2,220.3,7.206,-999,-999,2,2063.2,1982.1,2,2,12.54,12.8,0.38,0.39,5.72,5.83,2.07,2.11,37.45,38.21,2
CAB1034,7/11/15,16:49:29,7/11/15,9:49:29,-122.6314,47.1845,35,3,100.654,13.1885,2,29.5063,2,22.106,219.5,6.9112,2,220.2,7.202,-999,-999,2,2060.1,1985.2,2,2,12.43,12.68,0.38,0.39,5.91,6.03,2.07,2.11,37,37.74,2
CAB1034,7/11/15,16:51:24,7/11/15,9:51:24,-122.6313,47.1848,35,4,80.855,13.2648,2,29.5218,2,22.103,221.5,6.9738,2,234.9,7.681,-999,-999,2,2061.6,1975.3,2,2,12.26,12.5,0.39,0.39,5.73,5.85,2.06,2.1,36.83,37.57,2
CAB1034,7/11/15,16:53:39,7/11/15,9:53:39,-122.6311,47.1851,35,5,51.582,13.5886,2,29.4622,2,21.994,229.8,7.2377,2,238.8,7.809,-999,-999,2,2061.8,1975.1,2,2,11.47,11.7,0.37,0.37,5.34,5.45,1.99,2.03,36.76,37.49,2
CAB1034,7/11/15,16:55:48,7/11/15,9:55:48,-122.6309,47.1854,35,6,30.487,13.9028,2,29.4151,2,21.896,237.5,7.4852,2,233.9,7.647,-999,-999,2,2062.5,1983.7,2,2,10.56,10.77,0.35,0.36,4.97,5.06,1.96,2,37.37,38.11,2
CAB1034,7/11/15,16:57:24,7/11/15,9:57:24,-122.6307,47.1856,35,7,20.425,14.0739,2,29.3512,2,21.812,241,7.5962,2,240.2,7.855,-999,-999,2,2056.8,1952.5,2,2,10.05,10.25,0.33,0.34,4.85,4.94,1.94,1.98,37.46,38.21,2
CAB1034,7/11/15,16:58:56,7/11/15,9:58:56,-122.6304,47.1858,35,8,10.396,14.2027,2,29.2778,2,21.73,241.3,7.6059,2,229.2,7.494,-999,-999,2,2051.5,1947.1,2,2,9.44,9.62,0.32,0.33,4.82,4.92,1.94,1.98,38.47,39.24,2
CAB1034,7/11/15,17:00:19,7/11/15,10:00:19,-122.6301,47.186,35,9,5.357,14.3088,2,29.2003,2,21.649,243.5,7.6729,2,241.6,7.899,-999,-999,2,2053,1946.9,2,2,9.27,9.45,0.31,0.32,4.68,4.77,1.91,1.94,39.13,39.9,2
CAB1034,7/11/15,17:01:49,7/11/15,10:01:49,-122.6297,47.1862,35,12,2.667,14.402,2,29.0764,2,21.534,244,7.6894,2,242.9,7.941,-999,-999,2,2048,1943.9,2,2,8.92,9.1,0.3,0.31,4.47,4.56,1.89,1.92,40.35,41.15,2
CAB1034,7/11/15,18:00:30,7/11/15,11:00:30,-122.7815,47.1677,36,1,98.267,13.5828,2,29.4597,2,21.993,226,7.1167,2,224.6,7.346,-999,-999,2,2057.4,1975.8,2,2,11.02,11.24,0.35,0.35,6.6,6.73,2.05,2.09,38.65,39.42,2
CAB1034,7/11/15,18:02:32,7/11/15,11:02:32,-122.7817,47.1678,36,2,81.102,13.5888,2,29.4596,2,21.992,227.2,7.1563,2,226.5,7.408,-999,-999,2,2056.5,1966.8,2,2,10.93,11.15,0.35,0.36,6.4,6.53,2.03,2.07,38.25,39.02,2
CAB1034,7/11/15,18:04:44,7/11/15,11:04:44,-122.7819,47.1678,36,3,51.407,13.7098,2,29.4403,2,21.953,230.8,7.2719,2,229.9,7.517,-999,-999,2,2056.8,1967.5,2,2,10.6,10.81,0.35,0.36,6.03,6.15,2,2.04,38.04,38.8,2
CAB1034,7/11/15,18:06:52,7/11/15,11:06:52,-122.7821,47.1681,36,4,30.519,14.3457,2,29.3346,2,21.745,240.5,7.5794,2,245,8.009,-999,-999,2,2054,1944.8,2,2,8.8,8.98,0.32,0.33,5.61,5.72,1.94,1.98,39.13,39.91,2
CAB1034,7/11/15,18:08:20,7/11/15,11:08:20,-122.7822,47.1681,36,5,20.797,14.5976,2,29.2887,2,21.658,251.8,7.939,2,249.3,8.151,-999,-999,2,2058.1,1943,2,2,7.53,7.68,0.29,0.3,5.03,5.13,1.9,1.94,40.5,41.3,2
CAB1034,7/11/15,18:09:56,7/11/15,11:09:56,-122.7821,47.1681,36,7,10.714,14.8456,2,29.2397,2,21.569,253.3,7.9873,2,250.4,8.186,-999,-999,2,2053.9,1938,2,2,7.27,7.41,0.28,0.28,5.19,5.29,1.91,1.95,41.07,41.88,2
CAB1034,7/11/15,18:11:24,7/11/15,11:11:24,-122.7821,47.1681,36,9,5.562,15.0143,2,29.2099,2,21.511,256.6,8.0933,2,253.6,8.29,-999,-999,2,2050,1926.9,2,2,7,7.14,0.26,0.27,4.68,4.78,1.92,1.96,41.23,42.05,2
CAB1034,7/11/15,18:12:51,7/11/15,11:12:51,-122.7819,47.1681,36,12,2.739,15.2096,2,29.184,2,21.45,262.2,8.2701,2,257.1,8.404,-999,-999,2,2051,1926,2,2,6.29,6.42,0.26,0.26,4.26,4.34,1.93,1.97,42.3,43.14,2
CAB1034,7/11/15,19:46:41,7/11/15,12:46:41,-122.7009,47.2774,38,1,95.389,12.9169,2,29.513,2,22.163,201.6,6.3387,2,200.4,6.514,6.596,-999,2,2063.3,1996.4,6,6,12.59,12.84,0.45,0.46,9.76,9.96,2.28,2.33,41.57,42.4,2
CAB1034,7/11/15,19:48:39,7/11/15,12:48:39,-122.7008,47.2774,38,2,80.922,13.0456,2,29.5124,2,22.138,210.4,6.6206,2,208.2,6.795,6.827,-999,2,2060.6,1987.5,6,6,12.36,12.6,0.44,0.45,8.98,9.16,2.19,2.24,39.6,40.4,2
CAB1034,7/11/15,19:50:58,7/11/15,12:50:58,-122.7007,47.2775,38,3,51.07,13.0997,2,29.4359,2,22.068,216.8,6.8243,2,215.4,7.011,7.078,-999,2,2057.4,1974.1,6,6,12.12,12.36,0.43,0.44,7.6,7.75,2.02,2.06,37.4,38.15,2
CAB1034,7/11/15,19:53:00,7/11/15,12:53:00,-122.7006,47.2775,38,4,30.823,13.5857,2,29.4798,2,22.008,228.5,7.1985,2,226,7.411,7.373,-999,2,2058.1,1963.7,6,6,11.21,11.43,0.37,0.38,6.4,6.53,1.98,2.02,35.93,36.65,2
CAB1034,7/11/15,19:54:35,7/11/15,12:54:35,-122.7006,47.2776,38,5,20.956,13.8942,2,29.4467,2,21.922,239.9,7.5619,2,237,7.75,7.752,-999,2,2062.5,1958.5,6,6,10.23,10.43,0.35,0.36,5.45,5.56,1.86,1.9,34.28,34.97,2
CAB1034,7/11/15,19:56:33,7/11/15,12:56:33,-122.7006,47.2777,38,7,9.912,14.1479,2,29.399,2,21.834,246.6,7.7756,2,252.2,8.47,8.025,-999,2,2054.1,1944.9,6,6,9.48,9.67,0.33,0.34,4.64,4.73,1.78,1.82,33.02,33.68,2
CAB1034,7/11/15,19:57:52,7/11/15,12:57:52,-122.7006,47.2777,38,9,4.889,14.3865,2,29.3401,2,21.741,265.9,8.3899,2,260.8,8.486,8.569,-999,2,2057.7,1932.3,6,6,7.88,8.03,0.3,0.31,2.98,3.04,1.58,1.62,29.68,30.27,2
CAB1034,7/11/15,19:59:23,7/11/15,12:59:23,-122.7006,47.2778,38,12,2.711,14.646,2,29.2658,2,21.63,277.9,8.7755,2,274.5,8.926,9.019,-999,2,2054,1921,6,6,6.86,7,0.27,0.28,1.72,1.76,1.47,1.5,27.73,28.28,2