x	P12	P22	P28	P38	P4	P402	P8
ASV_1	13.2561154087393	0.952410867047013	5.56554651722047	28.7823383585207	0.488157173235613	0.202056285513346	5.03065081597086
ASV_2	0	2.66706606393987	1.66767738023044	9.94447131482997	44.2644875687098	0	8.13797292404013
ASV_3	41.28287685553	0	0.044959327492106	1.71190192722673	2.84067352315737	0.00111633306913451	0
ASV_4	5.69517039514949	0.0206960405206688	0	0.000465064364908103	0	40.982819634066	0.0035042225882188
ASV_5	0	19.6487290568401	0	0	0	0	2.43316022311983
ASV_6	0.750993100564499	11.5200697129786	2.81466301415696	0.218580251506809	0.147115860427171	0.00558166534567254	6.53771127542021
ASV_7	3.07254860965921	1.21361823583716	4.07875201271408	3.51668129283751	0.707493546963395	0.205405284720749	10.5491510681826
ASV_8	5.74869328873092	0.183271770476163	0.331444344534828	3.69545138634122	0.0227360875205628	10.7737304502171	0.148696301418814
ASV_9	0	9.29254567447162	3.79226699567136	0.237334099379525	0	0	2.31245345049473
ASV_10	0	0	0	10.0700386933552	0	0	0
ASV_11	0	3.97149666941318	2.97358900901278	1.09848202991294	2.78316459589948	0	3.89904701337601
ASV_12	3.42797407484842	3.2713816518336	8.61650739214989	0.261023390723912	0.106993353037943	0.233313611449112	0.0911097872936889
ASV_13	3.8143424628894	0.231744871861788	0.0658706426047134	2.98707429317738	0.0240735044335371	8.06662275756595	0.149475259504917
ASV_14	0.0217436755174577	0.205146621296665	5.10445201898747	3.37091789452674	1.92855518850891	0.0636309849406669	1.72937281074456
ASV_15	1.37068785281204	0.480713228784693	2.141318667531	1.88108687837298	0.341041312808442	0.0502349881110528	5.00317258211632
ASV_16	1.34392640602133	0.646851656175739	1.60389786913699	1.51404176126464	0.244747295074294	0.07925964790855	5.62727871066762
ASV_17	1.3414175203847	0.634869141012834	1.65408502540725	1.66992359302774	0.302256222332188	0.0971209770147021	5.2951529972373
ASV_18	0.0384695797616559	1.09634551495017	8.49103950147425	1.03298829639082	0.0628585949097912	0	0.626438751307811
ASV_19	0.0267614467907171	0	8.81934714874219	0.201041962028696	1.53000494844258	0	1.20289404767189
ASV_20	0	0.0130711834867382	0.126513456431275	0	15.1168233673483	0.00558166534567254	0.00992863066661994
ASV_21	0	0	0	0	0	0	6.39462218640128
ASV_22	0	0.0452045095583029	0	0	0	9.00434253563893	0.00817651937251054
ASV_23	0.101191720677399	1.09547732633805	2.77388594968738	0.579569361772304	0.0588463441708684	0.0613983188023979	0.85168971990893
ASV_24	0.113736148860548	0	5.11699880805504	0.919459851331455	0.0682082625616884	0.0290246597974972	0
ASV_25	0.0217436755174577	0.0218308742715041	0.662888689069656	1.82803803013873	1.40027550788407	0.0491186550419183	0.541402389879805
ASV_26	1.35145306293121	0.172242810167545	0.0407770644695845	1.01999567068702	0.0106993353037943	2.37220777191083	0.0306425696127904
ASV_27	1.23604432364625	0.0318388224855159	0.333535476046089	0.831583841651803	0	2.33760144676766	0.0888911514482783
ASV_28	0.0451599414593351	0.37836567105418	1.35923548231948	1.09308631999194	0.275507884072702	0.00669799841480704	0.822837188097171
ASV_29	0	0	0.0292758411576504	1.08825061388496	3.23119926174586	0	0.47774234619383
ASV_30	0.0903198829186703	0.632100807303976	0.124422324920014	0.657219698102852	0.133741691297428	0.00781433148394155	1.45243540149044
ASV_31	0	2.41035544652644	0	0	0	0	0.136860638880258
ASV_32	0.0986828350407694	0.391482621990101	0.408816210451475	0.729480771132551	0.143103609688248	0.00893066455307606	1.25775301600125
ASV_33	0	0	0	0	0	4.83707118855982	0
ASV_34	0.962575789253607	0	0	0.0393886083242405	0	3.38360553254669	0.0315380032939692
ASV_35	0.0125444281831487	1.7558502789138	0.0669162083603438	0	0.00133741691297428	0	0.391304855684433
ASV_36	0.485887518293958	0.015794346713142	0.0920097864954727	0.00651090110871345	0	3.36686053650967	0.00817651937251054
ASV_37	0	0.310440607810032	1.87783609711215	0.430184537539996	0.0454721750411256	0	0.18689187137167
ASV_39	0	0	0	0	4.38539005764267	0	0
ASV_40	0.536901526238762	0.534829655643523	1.42615169067983	0.0516221445047995	0.0307605889984085	0.0357226582123042	0.0716814350903267
ASV_41	0	1.6660577274388	0	0	0	0	0
ASV_42	0	1.65786177223463	0.120240061897493	0	0	0	0
ASV_43	0.0903198829186703	0.0287071350279242	0	0.00139519309472431	1.44307284909925	2.05851817948403	0
ASV_44	0	0	1.57357646222371	0	0	0	0.894744834191868
ASV_45	0	1.50427536626545	0	0.00139519309472431	0	0	0.0426347081566621
ASV_46	0	1.48793638690703	0	0	0	0	0
ASV_47	0.27765001045369	0.155018529150791	0.102465444051776	0.243228977768038	0	0.0223266613826901	0.97534900499218
ASV_48	0	0.779790176940341	0.305305200644069	0.00651090110871345	0	0	0.395821713415068
ASV_49	0.170604223290822	0.120161243897184	0.120240061897493	0.312875761077231	0.0213986706075885	0.00334899920740352	0.709022385053428
ASV_50	0.0434873510349153	0.331935986780132	0.807176763346647	0.183217168449103	0	0.0167449960370176	0.373203127585777
ASV_51	0	0	2.32742937203321	0	0	0	0
ASV_52	0	0.760478104285192	0.00209113151126074	0.00471633248548669	0.042797341215177	0.00669799841480704	0.494917661680501
ASV_53	0	0	0	0	0	0	1.58980277272256
ASV_54	1.72444072757683	0	0	0	0	0	0
ASV_56	0.0117081329709387	0	0.301122937621547	0.452792741799273	0.488157173235613	0.00558166534567254	0.188059945567742
ASV_57	0	0	0	0	0	2.1902454816419	0
ASV_58	0	1.02282010783726	0	0	0	0	0
ASV_59	0	0	0.129650153698166	0.366935783912493	1.04452260903291	0	0.09753419537209
ASV_60	0	0.136750352314839	0.118148930386232	0.0488659920913457	0	0	1.02020545984923
ASV_61	0	0.840744061718241	0	0.0976635166307017	0	0	0
ASV_62	0	0	0.0554149850484097	0.00465064364908103	2.31373125944551	0.00223266613826901	0
ASV_63	0	0.00762485703393061	0.334581041801719	0.375772006845747	0.375814152545773	0.0200939952444211	0.190980131057925
ASV_64	0.169767928078612	0	0.689027832960415	0	0	0.539188872391967	0.237703098900842
ASV_65	0	0	1.81928441479685	0	0	0	0
ASV_66	0	0.653609120553192	0.0146379205788252	0	0.0615211779968169	0	0.300859210004424
ASV_67	0	0	0	0.778052682491257	0	0	0
ASV_68	0	0.00980338761505365	0.332489910290458	0.391119130887715	0.181888700164502	0.0111633306913451	0.185645973953602
ASV_69	0	0	0.191338533280358	0.452547103341648	0.288882053202445	0.0156286629678831	0.150681571293409
ASV_70	0	0.851297040555353	0	0	0	0	0
ASV_72	0.193184194020489	0.0568923221462498	0.0982831810292549	0.155308064044548	0	0.0133959968296141	0.603042451734407
ASV_74	0.107882082375078	0.042799728587087	0.0857363919616905	0.302230631348337	0.240735044335371	0.0290246597974972	0.352683591151843
ASV_75	0.00585406648546937	0.414239192668564	0.25198134710692	0.163237592082744	0.0976314346471226	0	0.081181156627069
ASV_76	0	0.745446681051044	0.0679617741159741	0	0	0	0.0718365630584855
ASV_78	0	0.291246933556031	0	0	0	0	0.543894599496603
ASV_80	0	0.0401899890390939	0	0.686616211909978	0	0	0
ASV_82	0	0.736990448353254	0	0	0	0	0
ASV_83	0	0.195523119655792	0.0219568808682378	0.13719398764789	0.756977972743443	0	0.0858534534113607
ASV_84	0	0	0	0	0	0	0.804803121094252
ASV_85	0.358770646038051	0.0574142700558484	0	0.159330810595499	0	0.507931546456201	0.00408825968625527
ASV_86	0	0.383109765645389	0	0.0468034256124278	0	0.196474620167673	0.234045303771953
ASV_90	0.129625757892536	0.0626337491518346	0.0836452604504297	0.126780158204208	0	0	0.477551676707565
ASV_91	0.129625757892536	0.0563703742366512	0.250935781351289	0.0928619146263274	0	0.00446533227653803	0.405441850963191
ASV_92	0	0.473287360660255	0.0512327220258882	0.099058709725426	0.0936191839081997	0.00334899920740352	0.026281669411641
ASV_93	1.05038678653565	0	0	0	0	0	0
ASV_94	0	0.286478761306774	0.190292967524728	0.00790609420343776	0.00534966765189713	0	0.305568396343978
ASV_96	0.178967175412921	0.332225913621262	0.384768198071977	0	0.033435422824357	0.00781433148394155	0
ASV_97	0	0.216538537376196	0.0721440371384956	0	0	0.613983188023979	0.12416705438678
ASV_98	0	0.00626337491518346	0.0658706426047134	0.353913981695067	0.268820799507831	0	0.0946140098819077
ASV_100	0.107882082375078	0.0641995928806305	0	0.426475137483067	0	0	0.00992863066661994
ASV_102	0	0.265236098251729	0.634658413667636	0	0	0	0.0140168903528752
ASV_103	0	0	0.660797557558395	0.208813899843738	0.0213986706075885	0	0
ASV_104	0.914906962157642	0	0	0	0	0	0
ASV_105	0	0.0161803851975573	0.379540369293825	0.213929607857728	0.0802450147784569	0	0.100454380862272
ASV_106	0.0192347898808279	0	0.678572175404111	0.186025745963241	0	0.00669799841480704	0
ASV_107	0	0.00835116655357795	0.00313669726689111	0.512346748463359	0	0.00111633306913451	0
ASV_108	0	0.0163389793584227	0	0	0.584451190969761	0	0.336989405567042
ASV_109	0	0.537084398976982	0	0	0	0	0
ASV_110	0.853857411666318	0	0	0	0	0	0
ASV_111	0.18649383232281	0.0046975311863876	0.00627339453378223	0.173009501176982	0	0.459929224483417	0.00525633388232821
ASV_113	0	0	0.102465444051776	0.28539717234049	0.187238367816399	0	0.0905257501956524
ASV_114	0.0351243989128162	0	0	0.197187290721036	0	0.539188872391967	0.0251135952155681
ASV_117	0	0	0.0177746178457163	0.165097849542377	0.716855465354215	0	0.0297858919998598
ASV_118	0	0.367651909178198	0.259300307396332	0	0	0	0
ASV_119	0.781099728204056	0	0	0	0	0	0
ASV_120	0	0	0	0.0116266091227026	0	0	0.52738549952693
ASV_121	0	0	0.968193889713724	0	0	0	0
ASV_122	0	0	0	0.0353448917330159	1.08464511642214	0.0189776621752866	0.0110967048626929
ASV_125	0	0	0	0	0	0	0.674685960317813
ASV_126	0.176458289776291	0	0	0.127464648476399	0	0.490070217350049	0.00116807419607293
ASV_127	0	0.0104389581919724	0	0.436666002788289	0	0	0
ASV_128	0	0.487446217526279	0	0	0	0	0
ASV_129	0	0.0849626926637983	0.412998473473997	0.0418505503316608	0	0	0.144257163215007
ASV_131	0.578716286849258	0	0	0	0.033435422824357	0	0.0922778614897618
ASV_132	0	0	0	0	0	0	0.498767681723143
ASV_134	0	0.340940035945755	0	0	0	0	0.131992384156242
ASV_135	0	0.442089879430033	0	0	0	0	0
ASV_137	0	0	0	0	0	0	0.616242768579756
ASV_139	0.165586452017562	0.0208779163839449	0	0.000465064364908103	0.0160490029556914	0.620681186438786	0
ASV_140	0	0.263602200315887	0.00941009180067334	0.000930128729816207	0	0	0.175795166508977
ASV_142	0	0.390501606666304	0	0.0297641193541186	0	0	0.000584037098036467
ASV_144	0	0.333568093815789	0.150561468810774	0	0	0	0
ASV_146	0	0	0	0	0	0.840598801058284	0
ASV_147	0	0	0	0.374925313682533	0	0	0
ASV_148	0.156387204683253	0	0	0.138391039796705	0	0.308107927081124	0.00584037098036467
ASV_149	0	0.00599095909808834	0.00522782877815186	0	0.980326597210148	0	0
ASV_151	0	0	0	0.364469229237204	0	0	0
ASV_153	0.296884800334518	0.0326779587168455	0.106647707074298	0	0	0.19312562096027	0.0128488161568023
ASV_154	0	0.169699134937504	0	0.0599933030731453	0.116355271428762	0	0.103374566352455
ASV_156	0	0	0	0.343557060346545	0	0	0
ASV_157	0	0	0.135923548231948	0.0288339906243024	0.660683955009295	0	0
ASV_158	0	0	0	0	0	0	0.40006541215498
ASV_160	0	0	0	0	0.885369996388974	0	0
ASV_161	0	0.339788089148703	0	0	0	0	0
ASV_162	0.0117081329709387	0.0861214050837726	0.151607034566404	0.0887091797603573	0.0160490029556914	0.00669799841480704	0.0895142557000607
ASV_163	0.391386159314238	0	0	0	0	0	0.100765881140581
ASV_164	0	0.165457487342763	0	0.114021111332404	0.0655334287357398	0.00223266613826901	0.0174044299556858
ASV_165	0	0	0.643022939712679	0	0	0	0
ASV_166	0	0.0850775092645754	0	0	0	0	0.317368724754761
ASV_167	0	0.0533739992375143	0.288576148553983	0.0241833469752214	0	0	0.0963661211760171
ASV_169	0	0	0	0.0791674965146385	0.564389937275147	0	0
ASV_171	0	0	0.118148930386232	0.156726690974031	0.100306268473071	0	0.0297858919998598
ASV_172	0	0	0.109784404341189	0.0162772527717836	0	0	0.315889150280379
ASV_173	0	0.0438436244062843	0	0.0368452499502091	0.0133741691297428	0.0111633306913451	0.280379362895231
ASV_175	0	0	0	0.268372834096793	0	0	0
ASV_177	0.00919924733430901	0	0	0	0.394537989327413	0.251174940555264	0
ASV_178	0	0	0.553104284728467	0	0	0	0
ASV_179	0	0	0	0	0	0	0.387648512287866
ASV_180	0	0.276128751157344	0	0	0	0	0
ASV_181	0	0.275584118512064	0	0	0	0	0
ASV_182	0	0.14378301835412	0.0115012233119341	0	0	0	0.129656235764096
ASV_183	0	0.269593159413975	0	0	0	0	0
ASV_185	0	0	0.513372786014512	0	0	0	0
ASV_188	0	0.00490169380752682	0.107693272829928	0.119056477416474	0.10298110229902	0	0.0216093726273493
ASV_191	0	0	0.124422324920014	0.143704888756604	0.0548340934319455	0	0
ASV_193	0	0.242183830053761	0	0	0	0	0
ASV_194	0	0	0.157880429100186	0.0609234318029615	0.106993353037943	0	0.0578196727056103
ASV_195	0	0	0	0	0	0	0.269241102194811
ASV_196	0	0	0.0271847096463897	0.197187290721036	0	0	0.00584037098036467
ASV_197	0	0.249986384183868	0	0	0	0	0
ASV_198	0	0.0135706456495642	0.0439137617364756	0.162307463352928	0.0120367522167685	0.0178613291061521	0.00992863066661994
ASV_200	0	0.247807853602745	0	0	0	0	0
ASV_201	0	0.00365363536719035	0.081554128939169	0.148355532405685	0.0320980059113828	0	0.0110967048626929
ASV_202	0	0.125265508414574	0.0376403672026934	0.00139519309472431	0	0	0.106840032872425
ASV_203	0	0.0345619857119197	0	0.0323640709022107	0	0	0.181051500391305
ASV_204	0	0.16502369152007	0.00209113151126074	0.0148820596770593	0	0	0.0578196727056103
ASV_205	0	0	0.103511009807407	0.0775291287567735	0.0922817669952254	0	0.0595717839997197
ASV_207	0	0	0.45063884067669	0	0	0	0
ASV_208	0	0	0	0	0	0	0.317368724754761
ASV_210	0	0.0177462289263531	0.0115012233119341	0.124973715203052	0.0548340934319455	0.0346063251431697	0.0351593236482598
ASV_211	0	0.228745711017918	0	0	0	0	0
ASV_212	0	0.124745550394071	0	0.0532762397928699	0.0240735044335371	0	0.039130796653941
ASV_213	0	0	0	0	0	0	0.307751490671283
ASV_214	0.346226217854903	0	0	0	0	0	0
ASV_215	0.0418147606104955	0	0.00522782877815186	0.0697596547362155	0.276845300985676	0	0
ASV_216	0	0.023487655931938	0	0.180242979486158	0	0	0
ASV_217	0	0.173808653896341	0	0	0	0	0.0538487181757585
ASV_218	0	0.220031588693426	0	0	0	0	0
ASV_221	0	0	0	0	0	0	0.298134256587805
ASV_222	0	0.212406731659496	0	0	0	0	0.00700844517643761
ASV_225	0	0	0.416135170740888	0	0	0	0
ASV_226	0.0117081329709387	0.0574142700558484	0.159971560611447	0.0356904528030416	0	0	0.035509787385148
ASV_227	0	0.214585262240619	0	0	0	0	0
ASV_228	0.00585406648546937	0.0375802494911008	0.00209113151126074	0.115770961159499	0.0173864198686657	0.0122796637604796	0.0384689363339104
ASV_229	0	0.212951364304776	0	0	0	0	0
ASV_231	0	0.211862099014215	0	0	0	0	0
ASV_232	0	0.203037736833864	0	0	0	0	0
ASV_233	0.0384695797616559	0.00991701028237382	0	0.0116266091227026	0	0	0.212630229961674
ASV_235	0	0	0	0	0	0	0.282598724606803
ASV_238	0.0142170186075685	0.11591720843553	0.0355492356914326	0.00746863174666401	0.0267483382594856	0	0.0420506710586256
ASV_239	0	0	0.147424771543882	0.085571843143091	0.0668708456487141	0	0
ASV_240	0.311101818942087	0	0	0	0	0	0
ASV_241	0	0	0.125467890675645	0.0530173375995238	0.0896069331692769	0	0.0379624113723704
ASV_242	0	0	0	0.0246484113401295	0.263471131855933	0	0.0671642662741937
ASV_243	0	0	0.0104556575563037	0.102779224644691	0.0882695162563026	0	0.0397145226664798
ASV_245	0	0.196612384946354	0	0	0	0	0
ASV_246	0.0802843403721514	0.0125721193017312	0.0606428138265616	0.0296774604774391	0.0106993353037943	0	0.0784562032104501
ASV_247	0	0	0	0	0	0	0.26558361815142
ASV_249	0.0117081329709387	0.070803238831046	0.0261391438907593	0.0300439915877387	0.0120367522167685	0	0.0733943755355243
ASV_250	0	0	0.0397314987139541	0.0799910707641938	0.0695456794746626	0	0.0543154501173915
ASV_251	0	0.192255323784108	0	0	0	0	0
ASV_252	0	0.0307949266663187	0	0.143397729535949	0	0	0.0044387234231435
ASV_253	0	0.104569467893906	0	0	0	0	0.0928618985877983
ASV_254	0	0.180593976721123	0	0	0	0	0
ASV_255	0	0.1868089973313	0	0	0	0	0
ASV_256	0	0.184630466750177	0	0	0	0	0
ASV_257	0	0	0.354446791158696	0	0	0	0
ASV_258	0	0	0	0	0	0	0.249308298933227
ASV_260	0	0	0.214340979904226	0.0306942480839348	0	0	0.0458668087058162
ASV_261	0	0.103480202603344	0	0	0	0	0.0829332679211783
ASV_263	0	0	0	0	0	0	0.245609362747274
ASV_265	0	0.178639507652089	0	0	0	0	0
ASV_271	0	0.175371711780404	0	0	0	0	0
ASV_272	0	0	0	0	0	0.359459248261311	0
ASV_273	0.0158896090319883	0	0.00522782877815186	0.104560844453296	0	0.00334899920740352	0.0606625534496279
ASV_274	0	0.0985785087958172	0.0700529056272349	0	0	0	0.0408825968625527
ASV_275	0	0.120886757461194	0	0.00697596547362155	0	0	0.0526805402845197
ASV_276	0	0	0	0.150866361282613	0	0	0.00759248227447407
ASV_277	0.0117081329709387	0	0	0.102779224644691	0	0.0904229785998951	0
ASV_278	0	0.171014650618158	0	0	0	0	0
ASV_279	0	0	0.327262081512306	0	0	0	0
ASV_283	0	0	0	0	0	0	0.180467463293268
ASV_284	0	0	0	0	0	0	0.178715351999159
ASV_286	0	0	0	0.0162772527717836	0.35307806502521	0	0
ASV_287	0	0.096944610859975	0	0.000465064364908103	0	0	0.0689163775683031
ASV_289	0	0.153452685421995	0	0	0	0	0
ASV_290	0	0	0	0	0	0.324852923118142	0
ASV_291	0	0.0466573275865071	0.036594801447063	0.00837115856834586	0.0494844257800484	0	0.0705519095721702
ASV_292	0	0	0	0	0	0.322620256979873	0
ASV_293	0.19067530838386	0	0	0.000930128729816207	0	0	0.0332901145880786
ASV_296	0	0.0953107129241327	0.106647707074298	0.00372051491926483	0	0	0
ASV_297	0.065231026552373	0.0686237133053755	0	0	0.0307605889984085	0.0602819857332634	0.00233614839214587
ASV_298	0.0334518084883964	0	0	0.000930128729816207	0.0227360875205628	0.248942274416995	0
ASV_299	0	0.0961277613865086	0.0271847096463897	0	0.0160490029556914	0	0.0379624113723704
ASV_300	0	0	0.0135923548231948	0	0	0	0.153017719685554
ASV_301	0	0.0925875496977289	0	0	0	0	0.0578196727056103
ASV_303	0.0301066276395568	0	0	0	0.0775701809525083	0	0.101622455058345
ASV_304	0	0.145416916289962	0	0	0	0	0
ASV_306	0	0.0757039376940254	0.0334581041801719	0	0.0254109213465113	0	0.043802782352735
ASV_307	0	0	0.157880429100186	0.0362750204628321	0.0254109213465113	0	0.00992863066661994
ASV_308	0	0.14378301835412	0	0	0	0	0
ASV_309	0	0.049561570720549	0.171472783923381	0	0	0	0.00408825968625527
ASV_310	0	0	0	0	0	0	0.152433682587518
ASV_311	0	0	0.0679617741159741	0.05394746632934	0.0655334287357398	0	0.017521112941094
ASV_313	0.0543591887936442	0.00835116655357795	0.00836452604504297	0.0138153107643633	0	0	0.0922395202021771
ASV_314	0.114572444072758	0	0.0930553522511031	0.0120916734876107	0	0	0
ASV_315	0	0.135613528674909	0	0	0	0	0
ASV_318	0	0	0	0	0	0.264570937384878	0
ASV_319	0	0.128533304286259	0	0	0	0	0
ASV_320	0	0.0288659281776992	0.0209113151126074	0.0372827124069829	0.0240735044335371	0	0.0473852429436115
ASV_321	0.0827932260087811	0.0253935717070564	0.00836452604504297	0.00746863174666401	0.00267483382594856	0.0613983188023979	0.00525633388232821
ASV_322	0	0	0	0.109290125753404	0	0	0
ASV_323	0	0	0.244662386817507	0	0	0	0
ASV_324	0	0.0876858558902021	0.00209113151126074	0	0	0	0.0402985597645162
ASV_325	0	0	0	0	0	0	0.134912569646424
ASV_327	0	0.124176243124013	0	0	0	0	0
ASV_329	0	0.123631610478732	0	0	0	0	0
ASV_330	0	0	0	0.113025293766182	0	0	0
ASV_331	0	0	0	0	0	0	0.131408347058205
ASV_332	0	0.12199771254289	0	0	0	0	0
ASV_333	0	0.12199771254289	0	0	0	0	0
ASV_336	0	0	0	0.110037841067516	0	0	0
ASV_337	0	0.00272316322640379	0.156834863344556	0.02697373316467	0.00802450147784569	0	0
ASV_338	0.18147606104955	0	0	0	0	0	0
ASV_339	0	0.110131008925309	0	0	0	0	0.0017521112941094
ASV_340	0	0	0	0	0	0.238895276794785	0
ASV_341	0	0	0	0.099058709725426	0	0	0
ASV_343	0.176458289776291	0	0	0	0	0	0
ASV_345	0	0	0	0.0971984522657936	0	0	0
ASV_347	0.046832531883755	0	0.0575061165596704	0	0.0173864198686657	0.083724980185088	0.00665808513471526
ASV_348	0	0.112738957573117	0	0	0	0	0
ASV_349	0	0	0	0.0948731304412531	0	0	0
ASV_350	0	0	0.118148930386232	0.0418557928417293	0	0	0
ASV_351	0.00418147606104955	0	0	0.0810473346567528	0	0.0279083267283627	0
ASV_352	0	0.00980338761505365	0.144288074276991	0.00325545055435672	0	0	0.0227774468234222
ASV_353	0	0	0	0	0	0	0.115639345411221
ASV_354	0.0108718377587288	0.0984429973484529	0	0	0	0	0
ASV_355	0	0	0.204930888103553	0	0	0	0
ASV_356	0.0518503031570144	0	0.0303214069132808	0	0.00802450147784569	0.00669799841480704	0.053731413019355
ASV_358	0	0	0	0.0906875511570801	0	0	0
ASV_359	0.0618858457035333	0.00217853058112303	0.0177746178457163	0.0014937263493328	0.0187238367816399	0	0.0473070049409538
ASV_360	0	0	0	0.0951005775741884	0	0	0
ASV_361	0	0.065355917433691	0.00209113151126074	0	0	0	0.0397145226664798
ASV_362	0	0	0	0	0	0	0.110967048626929
ASV_363	0	0	0	0	0	0	0.140559575066211
ASV_364	0	0.102935569958063	0	0	0	0	0
ASV_366	0	0	0.19656636205851	0	0	0	0
ASV_367	0	0.0669898153695332	0.00313669726689111	0	0	0	0.0356262629802245
ASV_368	0	0.0168836120037035	0.0763263001610171	0.00976635166307017	0.00668708456487141	0	0.0332901145880786
ASV_370	0	0.10021240673166	0	0	0	0	0
ASV_371	0	0.0996677740863787	0	0	0	0	0
ASV_372	0.153042023834414	0	0	0	0	0	0
ASV_373	0	0.00626337491518346	0.0240480123794985	0.018137510231416	0.0227360875205628	0	0.0665418878885726
ASV_377	0	0.0679656569816841	0.0115012233119341	0.00232532182454052	0	0	0.0233614839214587
ASV_378	0	0	0.188201836013467	0	0	0	0
ASV_381	0.0259251515785072	0	0	0	0	0.081492314046819	0.0408825968625527
ASV_382	0.0669036169767928	0.00217853058112303	0.0146379205788252	0	0	0	0.043802782352735
ASV_383	0	0.0506289472310663	0	0	0.0200612536946142	0	0.035042225882188
ASV_384	0	0.0046975311863876	0.00522782877815186	0.0474365652206265	0.00802450147784569	0	0.035431860467988
ASV_386	0	0	0	0.0795260063992857	0	0	0
ASV_388	0	0.0206960405206688	0.0376403672026934	0.0172073815015998	0.0133741691297428	0	0.0268657065096775
ASV_390	0.137152414802425	0	0	0	0	0	0
ASV_391	0	0	0	0.0816570404301932	0	0	0
ASV_392	0	0	0.170427218167751	0	0	0	0
ASV_394	0	0	0	0.0811591316470823	0	0	0
ASV_395	0	0	0	0	0	0	0.0946140098819077
ASV_396	0	0	0	0	0	0	0.0940299727838712
ASV_397	0	0.0871412232449213	0	0	0	0	0
ASV_398	0	0.00217853058112303	0	0.00139519309472431	0.197937703120194	0.00558166534567254	0
ASV_399	0	0.0443655723158829	0	0	0.100306268473071	0	0
ASV_400	0	0	0.166244955145229	0	0	0	0
ASV_401	0	0.0860519579543598	0	0	0	0	0
ASV_402	0	0.0860519579543598	0	0	0	0	0
ASV_403	0	0	0	0.0730151052905722	0	0	0
ASV_404	0	0	0	0.0781716789484166	0	0	0
ASV_405	0	0.083328794727956	0	0	0	0	0
ASV_406	0	0.0816948967921137	0	0	0	0	0
ASV_407	0	0.0522847339469528	0	0	0	0	0.0315380032939692
ASV_409	0	0	0	0	0	0	0.0870215276074336
ASV_410	0	0	0.155789297588925	0	0	0	0
ASV_411	0	0	0	0.0692945903713074	0	0	0
ASV_412	0	0.0806056315015522	0	0	0	0	0
ASV_413	0.0158896090319883	0.0228974548263835	0.0230024466238682	0.00647281418044214	0	0.0312573259357662	0.0134328532548387
ASV_414	0	0	0	0	0.197937703120194	0	0
ASV_416	0	0	0	0	0	0	0.109488511104206
ASV_417	0	0	0	0.0726946823341964	0	0	0
ASV_418	0	0.0784271009204292	0	0	0	0	0
ASV_420	0	0	0	0.0669692685467669	0	0	0
ASV_422	0	0	0	0	0	0	0.105789574918254
ASV_423	0	0	0	0	0	0	0.0829332679211783
ASV_424	0	0	0	0.0660391398169507	0	0	0
ASV_425	0.118753920133807	0	0	0	0	0	0
ASV_426	0	0.0741166031630043	0	0	0	0	0
ASV_427	0	0	0	0	0	0	0.0823492308231419
ASV_430	0	0	0	0.0697072296355308	0	0	0
ASV_431	0	0	0	0	0	0.100469976222106	0.0362495746223386
ASV_433	0	0	0.00418226302252149	0.0506920157749833	0	0	0.0140168903528752
ASV_434	0	0.0740700397581831	0	0	0	0	0
ASV_435	0	0.0735254071129023	0	0	0	0	0
ASV_436	0	0	0	0	0	0	0.0788450082349231
ASV_437	0	0.0729807744676216	0	0	0	0	0
ASV_438	0	0.00599095909808834	0.0073189602894126	0.0427859215715455	0.0307605889984085	0	0
ASV_439	0.111227263223918	0	0	0	0	0	0
ASV_440	0	0.0718915091770601	0	0	0	0	0
ASV_441	0	0.0424813463318991	0	0	0.0722205133006112	0	0
ASV_442	0.0409784653982856	0	0.00209113151126074	0.0189205337582155	0	0.0145123298987486	0.0192733279303693
ASV_443	0	0.051740101301672	0	0.00697596547362155	0	0	0.0116807419607293
ASV_444	0	0.0669898153695332	0	0	0	0	0.0035042225882188
ASV_445	0	0	0	0	0	0	0.0753407856467043
ASV_446	0	0	0	0	0	0	0.0954325535975853
ASV_447	0	0	0	0	0	0	0.0954325535975853
ASV_448	0	0	0	0.0595282387082372	0	0	0
ASV_449	0.100355425465189	0	0	0	0	0.00669799841480704	0.000584037098036467
ASV_451	0	0	0	0.0627365066719777	0	0	0
ASV_452	0	0.0680790806600948	0	0	0	0	0
ASV_453	0.0510140079448045	0.0348564892979685	0	0	0	0	0
ASV_454	0	0	0	0.0581330456135129	0	0	0
ASV_455	0	0	0	0.0523565960831907	0	0.00334899920740352	0.0110968085578588
ASV_456	0	0	0	0	0	0	0.092473404648823
ASV_457	0	0	0	0.0622385978888668	0	0	0
ASV_458	0	0	0.129650153698166	0	0	0	0
ASV_460	0	0	0	0.0470057346317133	0	0.0122796637604796	0.0133161702694305
ASV_461	0.103700606314029	0	0	0	0	0	0
ASV_462	0	0	0	0.060744871539534	0	0	0
ASV_463	0.0451599414593351	0	0	0	0	0.074794315632012	0
ASV_464	0	0.065355917433691	0	0	0	0	0
ASV_465	0.00418147606104955	0.0104389581919724	0.0125467890675645	0.0134487796540637	0.0106993353037943	0	0.0332124987564163
ASV_466	0	0	0.125467890675645	0	0	0	0
ASV_467	0	0	0.125467890675645	0	0	0	0
ASV_468	0.0284340372151369	0	0.00104556575563037	0.0422565577280237	0	0	0
ASV_469	0	0	0	0.0558077237889724	0	0	0
ASV_470	0	0.0648112847884102	0	0	0	0	0
ASV_471	0.00250888563662973	0.00365363536719035	0	0.0463645737978621	0	0.0122796637604796	0
ASV_472	0	0	0	0	0	0.132843635227006	0
ASV_473	0	0	0	0	0	0	0.0872948939884889
ASV_474	0	0	0.122331193408753	0	0	0	0
ASV_475	0.0978465398285595	0	0	0	0	0	0
ASV_477	0	0.0626327542072872	0	0	0	0	0
ASV_478	0	0.0260973954799311	0	0.0137443794178892	0	0	0.0272163776368975
ASV_480	0	0	0	0.0572595100577574	0	0	0
ASV_481	0	0	0.119194496141862	0	0	0	0
ASV_482	0	0	0.119194496141862	0	0	0	0
ASV_483	0	0	0	0	0	0	0.0843357450397266
ASV_484	0	0	0	0	0	0	0.0843357450397266
ASV_485	0	0	0.117103364630602	0	0	0	0
ASV_486	0	0	0	0.0551417397625708	0	0	0
ASV_489	0	0.0604542236261641	0	0	0	0	0
ASV_491	0	0	0	0	0	0	0.0813765960909642
ASV_493	0	0.00544632645280758	0	0	0.0708830963876369	0	0.0268657065096775
ASV_494	0	0.00104389581919724	0	0	0.00133741691297428	0	0.0784174471422019
ASV_495	0	0.0588203256903219	0	0	0	0	0
ASV_496	0	0.0563703742366512	0	0	0	0	0
ASV_497	0	0.0577310603997604	0	0	0	0	0
ASV_498	0	0.0577310603997604	0	0	0	0	0
ASV_499	0	0	0	0.049296822680259	0	0	0
ASV_500	0	0	0	0.049296822680259	0	0	0
ASV_501	0.0886472924942505	0	0	0	0	0	0
ASV_502	0.0886472924942505	0	0	0	0	0	0
ASV_505	0.0869747020698307	0	0	0	0	0	0
ASV_506	0	0	0	0	0.132404274384454	0	0.00233614839214587
ASV_507	0	0	0	0	0	0.114982306120854	0
ASV_508	0	0	0	0	0	0.11386597305172	0
ASV_509	0	0.0550078971733566	0	0	0	0	0
ASV_510	0	0	0	0.0502887870942043	0	0	0
ASV_511	0	0	0	0.0190676389612322	0.0160490029556914	0.00111633306913451	0.0268657065096775
ASV_512	0	0.0539186318827951	0	0	0	0	0
ASV_513	0	0.0539186318827951	0	0	0	0	0
ASV_514	0	0	0.00522782877815186	0.040460599747005	0.00936191839081997	0	0
ASV_516	0	0	0	0.0492929695279825	0	0	0
ASV_518	0	0.0440249033028318	0.0146379205788252	0	0	0	0
ASV_519	0	0.0219218122031421	0	0.00248954391555467	0.00534966765189713	0	0.0293577087361434
ASV_520	0	0	0.101419878296146	0	0	0	0
ASV_521	0	0.0506289472310663	0	0	0	0	0
ASV_522	0	0	0	0	0	0	0.0717593620074866
ASV_523	0	0.0522847339469528	0	0	0	0	0
ASV_524	0.00585406648546937	0	0	0	0.0441347581281513	0.0625146518715324	0
ASV_525	0.0301066276395568	0	0.0240480123794985	0	0	0.00223266613826901	0.0204412984312764
ASV_526	0.037633284549446	0	0	0	0	0.0312573259357662	0.0134328532548387
ASV_527	0	0	0.100374312540516	0	0	0	0
ASV_528	0	0.051740101301672	0	0	0	0	0
ASV_529	0	0.051740101301672	0	0	0	0	0
ASV_530	0	0.051740101301672	0	0	0	0	0
ASV_532	0	0	0	0.0441811146662698	0	0	0
ASV_533	0.0192347898808279	0.00574142700558484	0.00209113151126074	0	0	0	0.0387024059998927
ASV_534	0	0	0.0982831810292549	0	0	0	0
ASV_536	0	0.0506508360111105	0	0	0	0	0
ASV_537	0	0.0501062033658298	0	0	0	0	0
ASV_538	0	0	0	0.0427859215715455	0	0	0
ASV_539	0	0.0474972597734746	0	0	0	0	0
ASV_540	0	0.0490169380752682	0	0	0	0	0
ASV_541	0	0.0490169380752682	0	0	0	0	0
ASV_542	0	0	0	0	0	0	0.0525633388232821
ASV_543	0	0	0	0.0418557928417293	0	0	0
ASV_544	0	0	0.0930553522511031	0	0	0	0
ASV_545	0	0.0464533639542774	0	0	0	0	0
ASV_546	0	0.047383040139426	0	0	0	0	0
ASV_547	0	0.047383040139426	0	0	0	0	0
ASV_548	0	0.047383040139426	0	0	0	0	0
ASV_549	0	0	0	0	0	0	0.0508112275291727
ASV_550	0	0	0	0.040460599747005	0	0	0
ASV_551	0	0	0	0.0433180641306513	0	0	0
ASV_552	0	0	0	0.0428201553475403	0	0	0
ASV_555	0	0.0457491422035837	0	0	0	0	0
ASV_556	0	0.0179277068118102	0.0125467890675645	0.0146416637295025	0.0106993353037943	0	0
ASV_557	0.0476688270959649	0.00163389793584227	0	0	0	0.0133959968296141	0.00887744684628701
ASV_558	0	0	0	0	0	0	0.0490591162350633
ASV_559	0	0	0.0878275234729512	0	0	0	0
ASV_560	0	0	0	0.0390654066522807	0	0	0
ASV_561	0	0	0	0	0	0.0937719778072986	0
ASV_562	0	0.00762485703393061	0	0.0320894411786591	0	0	0
ASV_563	0.0083629521220991	0	0.0104556575563037	0	0.0842572655173797	0	0
ASV_565	0	0	0	0	0	0	0.0484750791370268
ASV_566	0	0	0.0867819577173208	0	0	0	0
ASV_568	0	0.042799728587087	0	0	0	0	0
ASV_569	0	0.0422777806774884	0	0	0	0	0
ASV_570	0	0.0422777806774884	0	0	0	0	0
ASV_571	0	0.0435706116224606	0	0	0	0	0
ASV_572	0	0	0.0073189602894126	0.0274387975295781	0.00534966765189713	0.00893066455307606	0.00116807419607293
ASV_573	0	0	0	0	0	0	0.0467229678429174
ASV_574	0	0.0417558327678898	0	0	0	0	0
ASV_575	0	0.0430259789771799	0	0	0	0	0
ASV_576	0	0.0430259789771799	0	0	0	0	0
ASV_577	0	0	0.0825996946947994	0	0	0	0
ASV_578	0	0	0	0.0367400848277402	0	0	0
ASV_579	0	0	0	0	0	0.088190312461626	0
ASV_580	0	0.0412338848582911	0	0	0	0	0
ASV_581	0	0.0424813463318991	0	0	0	0	0
ASV_582	0	0	0	0	0.104318519211994	0	0
ASV_583	0	0.0407119369486925	0	0	0	0	0
ASV_584	0	0.0419367136866184	0	0	0	0	0
ASV_586	0	0	0	0	0	0	0.0443868194507715
ASV_587	0	0	0.0794629974279082	0	0	0	0
ASV_588	0	0	0.0794629974279082	0	0	0	0
ASV_589	0	0	0	0.0353448917330159	0	0	0
ASV_590	0.0200710850930378	0.00381242851696531	0.0167290520900859	0	0	0.0256756605900937	0.00292018549018234
ASV_591	0	0	0	0	0	0	0.043802782352735
ASV_594	0	0	0	0	0	0.083724980185088	0
ASV_595	0	0.0391460932198967	0	0	0	0	0
ASV_596	0	0	0	0.0373431587333201	0	0	0
ASV_597	0.0209073803052478	0	0.0104556575563037	0	0.00668708456487141	0	0.0198572613332399
ASV_598	0	0	0	0	0	0	0.0432187452546986
ASV_599	0	0	0.0773718659166475	0	0	0	0
ASV_600	0	0	0.0773718659166475	0	0	0	0
ASV_601	0	0	0.0773718659166475	0	0	0	0
ASV_602	0	0	0	0	0	0	0.0547442555521032
ASV_603	0	0	0	0.0368452499502091	0	0	0
ASV_604	0	0	0	0	0.0976314346471226	0	0
ASV_605	0.0167259042441982	0.027663239208727	0	0	0	0	0
ASV_606	0	0.0392135504602146	0	0	0	0	0
ASV_607	0	0.0392135504602146	0	0	0	0	0
ASV_609	0	0.0392135504602146	0	0	0	0	0
ASV_610	0	0.0386237473324791	0	0	0	0	0
ASV_612	0	0	0	0	0	0	0.053264681077722
ASV_613	0	0.0381242851696531	0	0	0	0	0
ASV_614	0	0	0	0	0	0	0.0517851066033409
ASV_615	0	0.0375796525243723	0	0	0	0	0
ASV_616	0	0.0375796525243723	0	0	0	0	0
ASV_617	0	0.0375796525243723	0	0	0	0	0
ASV_619	0.0577043696424838	0	0	0	0	0	0
ASV_620	0	0.0370350198790916	0	0	0	0	0
ASV_621	0	0	0.0710984713828653	0	0	0	0
ASV_622	0	0.00313168745759173	0	0.0114519020115515	0	0	0.0288517022504328
ASV_623	0	0.0364903872338108	0	0	0	0	0
ASV_624	0	0.0364903872338108	0	0	0	0	0
ASV_625	0	0	0	0	0	0	0.0391304855684433
ASV_626	0	0	0	0	0	0	0.0391304855684433
ASV_627	0	0	0.0700529056272349	0	0	0	0
ASV_628	0	0	0	0.0333598884684326	0	0	0
ASV_629	0	0	0.0355492356914326	0	0.0267483382594856	0	0.00700844517643761
ASV_630	0	0	0	0.0306942480839348	0	0	0
ASV_631	0	0.0344485620335091	0	0	0	0	0
ASV_632	0	0.0344485620335091	0	0	0	0	0
ASV_633	0	0.0348564892979685	0	0	0	0	0
ASV_634	0.00418147606104955	0.0272316322640379	0	0	0	0	0.00525633388232821
ASV_638	0	0.0343118566526878	0	0	0	0	0
ASV_640	0	0	0	0	0.0842572655173797	0	0
ASV_641	0.0526865983692243	0	0	0	0	0	0
ASV_642	0	0.0328827183047132	0	0	0	0	0
ASV_643	0	0.0266193433895297	0	0	0	0	0.00887744684628701
ASV_645	0	0.033767224007407	0	0	0	0	0
ASV_646	0	0.033767224007407	0	0	0	0	0
ASV_647	0	0.033767224007407	0	0	0	0	0
ASV_648	0	0.033767224007407	0	0	0	0	0
ASV_649	0	0.033767224007407	0	0	0	0	0
ASV_650	0	0	0	0	0.0829198486044054	0	0
ASV_651	0	0	0	0	0	0	0.036210300078261
ASV_652	0	0	0	0	0	0	0.0458668087058162
ASV_653	0	0	0	0.0308703445528779	0	0	0
ASV_655	0	0	0.0637795110934527	0	0	0	0
ASV_656	0	0	0	0.0283689262593943	0	0	0
ASV_658	0	0	0.0115012233119341	0.0227881538804971	0	0	0
ASV_659	0	0.0321333260715647	0	0	0	0	0
ASV_660	0	0.0196067752301073	0	0.00930128729816207	0.00401225073892284	0	0
ASV_661	0.0158896090319883	0	0.0135923548231948	0	0	0	0.0157690016469846
ASV_662	0	0	0.0616883795821919	0	0	0	0
ASV_664	0.0493414175203847	0	0	0	0	0	0
ASV_665	0	0.0307949266663187	0	0	0	0	0
ASV_666	0	0	0	0.02697373316467	0	0	0
ASV_667	0.00501777127325946	0	0	0	0	0.0580493195949944	0
ASV_668	0	0.0310440607810032	0	0	0	0	0
ASV_669	0	0.017972877294265	0	0	0	0	0.0140168903528752
ASV_670	0	0	0.0595972480709312	0	0	0	0
ASV_671	0	0	0.0595972480709312	0	0	0	0
ASV_672	0	0	0.0595972480709312	0	0	0	0
ASV_673	0	0	0.0595972480709312	0	0	0	0
ASV_674	0	0.0297510308471215	0	0	0	0	0
ASV_675	0	0.0304994281357225	0	0	0	0	0
ASV_676	0	0.0304994281357225	0	0	0	0	0
ASV_677	0	0.0304994281357225	0	0	0	0	0
ASV_678	0	0	0	0.0260436044348538	0	0	0
ASV_679	0	0.0212406731659496	0.0167290520900859	0	0	0	0
ASV_680	0	0	0	0	0.0735579302135855	0	0
ASV_681	0.0459962366715451	0	0	0	0	0	0
ASV_682	0	0	0	0	0	0	0.0406882980454821
ASV_683	0	0	0	0	0	0	0.0406882980454821
ASV_684	0	0	0	0.0273849830711014	0	0	0
ASV_685	0	0.0294101628451609	0	0	0	0	0
ASV_686	0	0.0294101628451609	0	0	0	0	0
ASV_687	0	0.028412034475147	0	0	0	0	0
ASV_688	0.0142170186075685	0	0	0	0	0	0.0216093726273493
ASV_689	0	0.0288655301998802	0	0	0	0	0
ASV_690	0	0	0	0.0246484113401295	0	0	0
ASV_691	0.0217436755174577	0	0	0.0105598602100066	0	0	0.00369893618595292
ASV_692	0	0.0283208975545994	0	0	0	0	0
ASV_693	0	0	0	0	0.0695456794746626	0	0
ASV_694	0	0	0.00104556575563037	0.00930128729816207	0	0	0.0181051500391305
ASV_695	0	0	0	0	0	0.0580493195949944	0
ASV_696	0	0	0	0.0258912567217686	0	0	0
ASV_697	0	0.0277762649093187	0	0	0	0	0
ASV_698	0	0	0	0	0	0	0.0297858919998598
ASV_700	0	0	0.053323853537149	0	0	0	0
ASV_701	0	0.0219218122031421	0	0	0	0	0.00665808513471526
ASV_702	0	0.00313168745759173	0	0.022405895239992	0	0	0
ASV_703	0	0	0	0	0	0	0.0292018549018234
ASV_704	0	0	0.0522782877815186	0	0	0	0
ASV_705	0	0	0	0.0232532182454052	0	0	0
ASV_706	0.0418147606104955	0	0	0	0	0	0
ASV_707	0	0	0	0	0	0	0.0369893618595292
ASV_709	0	0.0266869996187571	0	0	0	0	0
ASV_710	0	0	0	0	0	0	0.0286178178037869
ASV_711	0	0	0.0512327220258882	0	0	0	0
ASV_712	0	0	0.0512327220258882	0	0	0	0
ASV_713	0	0.0255754475703325	0	0	0	0	0
ASV_714	0	0.0255754475703325	0	0	0	0	0
ASV_716	0	0.0261423669734764	0	0	0	0	0
ASV_717	0	0.0261423669734764	0	0	0	0	0
ASV_718	0	0	0	0	0	0	0.0280337807057504
ASV_720	0	0	0	0.022323089515589	0	0	0
ASV_721	0	0	0	0	0	0.0535839873184563	0
ASV_722	0	0.0250534996607339	0	0	0	0	0
ASV_723	0	0.0250534996607339	0	0	0	0	0
ASV_725	0	0	0	0.0238996215893248	0	0	0
ASV_727	0	0.0255977343281956	0	0	0	0	0
ASV_728	0	0.0250531016829149	0	0	0	0	0
ASV_729	0	0.0250531016829149	0	0	0	0	0
ASV_730	0.0217436755174577	0.00381242851696531	0	0	0	0	0.00759248227447407
ASV_731	0	0	0	0	0.0615211779968169	0	0
ASV_732	0.00752665690988919	0	0	0	0.0494844257800484	0	0
ASV_733	0	0	0	0	0	0	0.0268657065096775
ASV_734	0	0	0	0.0213929607857728	0	0	0
ASV_735	0	0	0	0.0213929607857728	0	0	0
ASV_736	0	0	0	0.0213929607857728	0	0	0
ASV_738	0.0384695797616559	0	0	0	0	0	0
ASV_739	0	0.0245084690376341	0	0	0	0	0
ASV_740	0	0.0245084690376341	0	0	0	0	0
ASV_741	0	0	0	0	0	0	0.026281669411641
ASV_742	0	0	0.0470504590033667	0	0	0	0
ASV_744	0	0.023487655931938	0	0	0	0	0
ASV_746	0	0.0239638363923534	0	0	0	0	0
ASV_750	0	0	0	0.0204628320559565	0	0	0
ASV_751	0.036796989337236	0	0	0	0	0	0
ASV_752	0	0	0	0.0219079864568811	0	0	0
ASV_753	0	0.0130711834867382	0.0198657493569771	0	0	0	0
ASV_754	0	0	0	0.0111615447577945	0.0254109213465113	0	0
ASV_755	0	0	0.0219568808682378	0	0.0173864198686657	0	0.00525633388232821
ASV_756	0	0	0.044959327492106	0	0	0	0
ASV_757	0	0	0.044959327492106	0	0	0	0
ASV_758	0.0175621994564081	0	0	0.00537846335961178	0	0.0122796637604796	0
ASV_759	0	0	0	0.0214100776737702	0	0	0
ASV_760	0	0.0228745711017918	0	0	0	0	0
ASV_761	0	0.00381242851696531	0.0156834863344556	0.00232532182454052	0.0187238367816399	0	0.000584037098036467
ASV_762	0	0	0	0	0.0561715103449198	0	0
ASV_764	0	0	0.0439137617364756	0	0	0	0
ASV_766	0	0	0	0.0195327033261403	0	0	0
ASV_767	0.0351243989128162	0	0	0	0	0	0
ASV_768	0	0.0219218122031421	0	0	0	0	0
ASV_769	0	0	0	0	0	0	0.0310710639620045
ASV_770	0	0.0223299384565111	0	0	0	0	0
ASV_771	0	0.017972877294265	0	0	0	0	0.00467229678429174
ASV_772	0	0	0	0	0.0548340934319455	0	0
ASV_773	0	0	0	0	0.0548340934319455	0	0
ASV_774	0	0	0	0	0	0	0.0239455210194952
ASV_775	0	0	0.0428681959808452	0	0	0	0
ASV_776	0	0	0	0.0190676389612322	0	0	0
ASV_777	0	0	0	0.0190676389612322	0	0	0
ASV_778	0	0	0	0.0204142601075483	0	0	0
ASV_779	0	0	0	0.0204142601075483	0	0	0
ASV_780	0	0	0	0.0186025745963241	0	0	0
ASV_781	0	0	0	0	0	0.0446533227653803	0
ASV_782	0.0117081329709387	0	0	0	0	0.0290246597974972	0
ASV_783	0	0.0208779163839449	0	0	0	0	0
ASV_784	0	0.0208779163839449	0	0	0	0	0
ASV_785	0	0	0	0.0199163513244374	0	0	0
ASV_787	0	0	0	0	0.052159259605997	0	0
ASV_788	0.0326155132761865	0	0	0	0	0	0
ASV_789	0	0	0	0.0194184425413264	0	0	0
ASV_790	0	0.0206960405206688	0	0	0	0	0
ASV_791	0	0	0.0397314987139541	0	0	0	0
ASV_792	0	0	0.0397314987139541	0	0	0	0
ASV_794	0	0	0	0.0176724458665079	0	0	0
ASV_795	0	0	0	0	0	0	0.0281119150132422
ASV_796	0	0.020151407875388	0	0	0	0	0
ASV_798	0	0.020151407875388	0	0	0	0	0
ASV_799	0	0	0	0	0.0494844257800484	0	0
ASV_800	0	0.019312072655149	0	0	0	0	0
ASV_801	0	0.019312072655149	0	0	0	0	0
ASV_802	0	0	0	0.0184226249751046	0	0	0
ASV_803	0	0.0196067752301073	0	0	0	0	0
ASV_805	0	0.0196067752301073	0	0	0	0	0
ASV_806	0	0	0	0	0.0481470088670741	0	0
ASV_807	0	0.0187901247455504	0	0	0	0	0
ASV_808	0	0	0	0	0	0	0.026632340538861
ASV_809	0	0	0	0.0179247161919936	0	0	0
ASV_811	0	0	0	0.000497908783110934	0.0374476735632799	0	0.0035042225882188
ASV_813	0	0	0	0.0174268074088827	0	0	0
ASV_814	0	0.0185175099395458	0	0	0	0	0
ASV_815	0	0.0185175099395458	0	0	0	0	0
ASV_816	0	0	0	0	0	0	0.0198572613332399
ASV_817	0	0	0	0	0	0	0.0198572613332399
ASV_819	0	0	0.0355492356914326	0	0	0	0
ASV_821	0	0	0	0.0158121884068755	0	0	0
ASV_823	0	0	0	0.0169288986257718	0	0	0
ASV_824	0	0.017972877294265	0	0	0	0	0
ASV_825	0	0	0.0345036699358023	0	0	0	0
ASV_827	0.027597742002927	0	0	0	0	0	0
ASV_828	0	0	0	0	0	0	0.0244129788272893
ASV_829	0	0	0	0	0	0	0.0244129788272893
ASV_830	0	0	0	0	0	0	0.0244129788272893
ASV_831	0	0.0174282446489843	0	0	0	0	0
ASV_833	0	0	0	0	0.0414599243022027	0	0
ASV_834	0	0	0	0	0.0414599243022027	0	0
ASV_835	0	0	0	0	0.0414599243022027	0	0
ASV_836	0	0	0	0	0	0	0.0181051500391305
ASV_837	0	0	0	0	0	0	0.0181051500391305
ASV_838	0.00752665690988919	0.00104389581919724	0	0	0	0	0.0116807419607293
ASV_839	0	0	0	0.0120916734876107	0	0	0.00292018549018234
ASV_840	0.0192347898808279	0	0	0	0	0.00893066455307606	0
ASV_841	0	0	0	0	0	0	0.0229334043529081
ASV_843	0	0	0	0	0.0401225073892284	0	0
ASV_844	0	0	0	0	0	0	0.017521112941094
ASV_845	0	0	0	0	0	0	0.017521112941094
ASV_846	0	0	0	0	0	0.0334899920740352	0
ASV_847	0	0	0	0	0	0	0.0221936171157175
ASV_848	0	0	0	0.014937263493328	0	0	0
ASV_849	0	0	0	0.014937263493328	0	0	0
ASV_850	0	0.015794346713142	0	0	0	0	0
ASV_851	0	0.015794346713142	0	0	0	0	0
ASV_852	0	0.015794346713142	0	0	0	0	0
ASV_853	0	0.015794346713142	0	0	0	0	0
ASV_855	0	0	0	0	0.0387850904762542	0	0
ASV_856	0.0108718377587288	0	0.00627339453378223	0	0.00133741691297428	0	0.00525633388232821
ASV_857	0	0	0	0	0	0	0.0169370758430576
ASV_858	0	0	0	0	0	0	0.0169370758430576
ASV_860	0	0.01513648937836	0	0	0	0	0
ASV_861	0	0.0152497140678612	0	0	0	0	0
ASV_862	0	0.0152497140678612	0	0	0	0	0
ASV_863	0	0.0152497140678612	0	0	0	0	0
ASV_865	0	0	0.0292758411576504	0	0	0	0
ASV_866	0.00418147606104955	0	0	0.0108935469021034	0	0	0
ASV_867	0.0234162659418775	0	0	0	0	0	0
ASV_868	0	0.0147050814225805	0	0	0	0	0
ASV_869	0.00418147606104955	0.00599095909808834	0	0.00511570801398914	0	0	0
ASV_870	0	0	0	0	0	0	0.0157690016469846
ASV_871	0	0	0	0	0	0	0.0157690016469846
ASV_872	0	0	0.02823027540202	0	0	0	0
ASV_873	0	0	0	0.0125567378525188	0	0	0
ASV_874	0	0	0	0.0125567378525188	0	0	0
ASV_875	0	0	0	0.0125567378525188	0	0	0
ASV_877	0	0	0	0.0134435371439952	0	0	0
ASV_878	0	0.0141604487772997	0	0	0	0	0
ASV_879	0	0.0141604487772997	0	0	0	0	0
ASV_880	0	0.0141604487772997	0	0	0	0	0
ASV_881	0	0	0	0	0	0	0.0151849645489481
ASV_882	0	0	0	0	0	0	0.0151849645489481
ASV_883	0	0	0.0271847096463897	0	0	0	0
ASV_884	0	0	0.0271847096463897	0	0	0	0
ASV_885	0	0	0	0.0120916734876107	0	0	0
ASV_886	0	0	0	0.0120916734876107	0	0	0
ASV_887	0	0.0135706456495642	0	0	0	0	0
ASV_889	0	0.013615816132019	0	0	0	0	0
ASV_890	0	0.013615816132019	0	0	0	0	0
ASV_891	0	0.013615816132019	0	0	0	0	0
ASV_892	0	0	0	0	0.033435422824357	0	0
ASV_893	0	0	0	0	0	0	0.0146009274509117
ASV_894	0	0	0.0261391438907593	0	0	0	0
ASV_895	0	0	0.0261391438907593	0	0	0	0
ASV_896	0	0	0.00313669726689111	0.0102314160279783	0	0	0
ASV_897	0	0	0	0.0116266091227026	0	0	0
ASV_898	0	0.00626337491518346	0	0.00643996976223931	0	0	0
ASV_899	0.0209073803052478	0	0	0	0	0	0
ASV_900	0	0	0	0	0	0	0.0184946809297646
ASV_902	0	0.00326779587168455	0.0073189602894126	0.000930128729816207	0	0	0.00525633388232821
ASV_903	0	0	0	0	0.0320980059113828	0	0
ASV_904	0	0	0	0	0.0320980059113828	0	0
ASV_905	0	0	0	0	0	0	0.0140168903528752
ASV_906	0	0	0	0	0	0	0.0140168903528752
ASV_909	0	0	0	0	0	0.0267919936592282	0
ASV_910	0	0	0	0.00846444931288588	0	0.00781433148394155	0
ASV_911	0.0200710850930378	0	0	0	0	0	0
ASV_912	0.0200710850930378	0	0	0	0	0	0
ASV_913	0	0	0	0	0	0	0.017754893692574
ASV_914	0	0	0	0.0119498107946624	0	0	0
ASV_915	0	0.0125265508414574	0	0	0	0	0
ASV_916	0	0	0	0	0.0307605889984085	0	0
ASV_917	0	0	0.0240480123794985	0	0	0	0
ASV_918	0	0	0.0240480123794985	0	0	0	0
ASV_919	0	0	0	0.0106964803928864	0	0	0
ASV_920	0	0	0	0.0106964803928864	0	0	0
ASV_921	0	0	0	0	0	0	0.0170151064553834
ASV_923	0	0.0119819181961767	0	0	0	0	0
ASV_924	0	0.0119819181961767	0	0	0	0	0
ASV_925	0	0.0119819181961767	0	0	0	0	0
ASV_926	0	0.0119819181961767	0	0	0	0	0
ASV_927	0	0	0	0	0.0294231720854342	0	0
ASV_928	0	0	0	0	0.0294231720854342	0	0
ASV_929	0	0	0	0	0	0	0.0128488161568023
ASV_930	0	0	0	0	0	0	0.0128488161568023
ASV_931	0	0	0	0	0	0	0.0128488161568023
ASV_932	0	0	0	0	0	0	0.0128488161568023
ASV_933	0	0	0	0	0	0	0.0128488161568023
ASV_934	0	0	0	0	0	0	0.0128488161568023
ASV_936	0	0	0.0230024466238682	0	0	0	0
ASV_937	0	0	0	0.0102314160279783	0	0	0
ASV_938	0.018398494668618	0	0	0	0	0	0
ASV_939	0	0	0	0	0	0	0.0162753192181928
ASV_942	0	0.00217853058112303	0	0	0	0.0122796637604796	0.0035042225882188
ASV_943	0	0	0	0	0.0280857551724599	0	0
ASV_944	0	0	0	0	0	0	0.0122647790587658
ASV_945	0	0	0	0	0	0	0.0122647790587658
ASV_947	0	0	0.0219568808682378	0	0	0	0
ASV_949	0.0175621994564081	0	0	0	0	0	0
ASV_950	0	0.0109609061015711	0	0	0	0	0
ASV_951	0	0	0	0	0	0	0.0155355319810023
ASV_952	0	0	0	0	0.0267483382594856	0	0
ASV_953	0	0	0	0	0.0267483382594856	0	0
ASV_957	0	0	0.0209113151126074	0	0	0	0
ASV_958	0	0	0.0209113151126074	0	0	0	0
ASV_959	0	0	0	0.00930128729816207	0	0	0
ASV_960	0	0	0	0.00930128729816207	0	0	0
ASV_962	0	0.0103480202603344	0	0	0	0	0
ASV_963	0	0.0103480202603344	0	0	0	0	0
ASV_964	0	0	0	0	0.0254109213465113	0	0
ASV_965	0	0	0.00627339453378223	0.00139519309472431	0.0133741691297428	0	0
ASV_966	0	0	0	0	0	0	0.0110967048626929
ASV_969	0	0	0	0	0	0	0.0140559575066211
ASV_970	0	0	0	0	0	0	0.0105126677646564
ASV_972	0	0	0	0	0	0	0.0105126677646564
ASV_973	0	0	0	0	0	0	0.0105126677646564
ASV_974	0	0	0.0188201836013467	0	0	0	0
ASV_975	0	0	0.0188201836013467	0	0	0	0
ASV_977	0	0	0.0188201836013467	0	0	0	0
ASV_978	0	0.000521947909598622	0.00627339453378223	0.00534561894140895	0	0	0
ASV_979	0	0	0	0.00837115856834586	0	0	0
ASV_980	0	0.00156584372879587	0	0.00232532182454052	0	0	0.00739787237190584
ASV_983	0	0.0093950623727752	0	0	0	0	0
ASV_984	0	0.0093950623727752	0	0	0	0	0
ASV_985	0	0.00925875496977289	0	0	0	0	0
ASV_987	0	0.00925875496977289	0	0	0	0	0
ASV_988	0	0	0	0	0	0	0.00992863066661994
ASV_991	0	0	0.00418226302252149	0.00372051491926483	0	0	0.00292018549018234
ASV_992	0	0	0.0177746178457163	0	0	0	0
ASV_993	0	0	0.0177746178457163	0	0	0	0
ASV_994	0	0	0.0177746178457163	0	0	0	0
ASV_995	0	0	0	0.00790609420343776	0	0	0
ASV_997	0	0	0	0	0	0.0189776621752866	0
ASV_999	0	0.00887311446317657	0	0	0	0	0
ASV_1000	0	0	0	0	0	0	0.0125763830322399
ASV_1002	0	0.00871412232449213	0	0	0	0	0
ASV_1003	0	0	0	0	0.0213986706075885	0	0
ASV_1004	0	0	0	0	0	0	0.00934459356858348
ASV_1005	0	0	0	0	0	0	0.00934459356858348
ASV_1006	0	0	0	0	0	0	0.00934459356858348
ASV_1008	0	0	0.0167290520900859	0	0	0	0
ASV_1010	0	0	0.0167290520900859	0	0	0	0
ASV_1011	0	0	0.00836452604504297	0.00372051491926483	0	0	0
ASV_1012	0	0.00626337491518346	0.00418226302252149	0	0	0	0
ASV_1015	0	0.00156584372879587	0	0	0	0	0.00961723408347759
ASV_1016	0	0	0	0	0	0	0.0118365957950493
ASV_1017	0	0	0	0	0	0	0.0118365957950493
ASV_1019	0	0.00816948967921137	0	0	0	0	0
ASV_1020	0	0	0	0	0.0200612536946142	0	0
ASV_1021	0	0.00313168745759173	0.0073189602894126	0	0.00267483382594856	0	0
ASV_1022	0	0	0.0156834863344556	0	0	0	0
ASV_1025	0	0	0	0.00697596547362155	0	0	0
ASV_1026	0	0	0	0	0	0.0167449960370176	0
ASV_1027	0.0125444281831487	0	0	0	0	0	0
ASV_1028	0.0125444281831487	0	0	0	0	0	0
ASV_1029	0	0	0	0.00746863174666401	0	0	0
ASV_1030	0	0.00762485703393061	0	0	0	0	0
ASV_1031	0	0	0	0	0.0187238367816399	0	0
ASV_1032	0	0	0	0	0.0187238367816399	0	0
ASV_1034	0	0	0.0146379205788252	0	0	0	0
ASV_1035	0	0	0.0146379205788252	0	0	0	0
ASV_1037	0.0117081329709387	0	0	0	0	0	0
ASV_1039	0	0.00730727073438071	0	0	0	0	0
ASV_1040	0	0.00730727073438071	0	0	0	0	0
ASV_1041	0	0.00730727073438071	0	0	0	0	0
ASV_1042	0	0.00730727073438071	0	0	0	0	0
ASV_1043	0	0	0	0	0	0	0.0103570213206682
ASV_1044	0	0	0	0	0	0	0.0103570213206682
ASV_1046	0	0.00708022438864986	0	0	0	0	0
ASV_1047	0	0	0	0	0	0	0.00759248227447407
ASV_1048	0	0	0	0	0	0	0.00759248227447407
ASV_1049	0	0	0	0	0	0	0.00759248227447407
ASV_1050	0	0	0	0	0	0	0.00759248227447407
ASV_1051	0	0	0	0	0	0	0.00759248227447407
ASV_1053	0	0	0.0135923548231948	0	0	0	0
ASV_1054	0	0	0.0135923548231948	0	0	0	0
ASV_1055	0	0	0	0.00604583674380534	0	0	0
ASV_1056	0	0	0	0.00604583674380534	0	0	0
ASV_1057	0.0108718377587288	0	0	0	0	0	0
ASV_1058	0	0.00678532282478209	0	0	0	0	0
ASV_1059	0	0.00678532282478209	0	0	0	0	0
ASV_1060	0	0.00208779163839449	0	0	0	0	0.00665808513471526
ASV_1061	0	0	0	0.00647281418044214	0	0	0
ASV_1062	0	0.0065355917433691	0	0	0	0	0
ASV_1063	0	0.0065355917433691	0	0	0	0	0
ASV_1065	0	0	0	0	0.0160490029556914	0	0
ASV_1066	0	0	0	0.00279038618944862	0.00534966765189713	0.00223266613826901	0
ASV_1067	0	0	0	0	0	0	0.00700844517643761
ASV_1070	0	0	0.0125467890675645	0	0	0	0
ASV_1071	0	0	0.0125467890675645	0	0	0	0
ASV_1073	0	0	0	0.00558077237889724	0	0	0
ASV_1074	0	0	0	0	0	0.0133959968296141	0
ASV_1075	0.0100355425465189	0	0	0	0	0	0
ASV_1076	0	0.00626337491518346	0	0	0	0	0
ASV_1077	0	0	0	0	0	0	0.00887744684628701
ASV_1078	0	0	0	0	0	0	0.00887744684628701
ASV_1079	0	0	0	0.00597490539733121	0	0	0
ASV_1080	0	0	0	0	0.0147115860427171	0	0
ASV_1081	0	0	0	0	0.0147115860427171	0	0
ASV_1082	0	0	0	0	0.0147115860427171	0	0
ASV_1083	0	0	0	0	0	0	0.00642440807840114
ASV_1084	0	0	0	0	0	0	0.00642440807840114
ASV_1086	0	0	0.0115012233119341	0	0	0	0
ASV_1088	0	0	0	0.00511570801398914	0	0	0
ASV_1089	0	0.00574142700558484	0	0	0	0	0
ASV_1090	0	0	0	0	0	0	0.00813765960909642
ASV_1091	0	0	0	0	0	0	0.00813765960909642
ASV_1093	0	0.00544632645280758	0	0	0	0	0
ASV_1094	0	0.00544632645280758	0	0	0	0	0
ASV_1096	0	0	0	0	0	0	0.00584037098036467
ASV_1097	0	0	0	0	0	0	0.00584037098036467
ASV_1098	0	0	0	0	0	0	0.00584037098036467
ASV_1099	0	0	0.0104556575563037	0	0	0	0
ASV_1101	0	0	0	0.00465064364908103	0	0	0
ASV_1102	0	0	0	0.00465064364908103	0	0	0
ASV_1103	0	0	0	0.00465064364908103	0	0	0
ASV_1104	0	0	0	0.00465064364908103	0	0	0
ASV_1105	0	0	0	0.00465064364908103	0	0	0
ASV_1106	0.00250888563662973	0	0	0	0	0.00781433148394155	0
ASV_1107	0.0083629521220991	0	0	0	0	0	0
ASV_1108	0.0083629521220991	0	0	0	0	0	0
ASV_1109	0	0.00521947909598622	0	0	0	0	0
ASV_1110	0	0.00521947909598622	0	0	0	0	0
ASV_1111	0	0.00521947909598622	0	0	0	0	0
ASV_1112	0	0.00521947909598622	0	0	0	0	0
ASV_1113	0	0	0	0	0	0	0.00739787237190584
ASV_1115	0	0	0	0.00497908783110934	0	0	0
ASV_1116	0	0.00490169380752682	0	0	0	0	0
ASV_1118	0	0.00490169380752682	0	0	0	0	0
ASV_1119	0	0	0	0	0	0	0.00525633388232821
ASV_1120	0	0	0	0	0	0	0.00525633388232821
ASV_1121	0	0	0	0	0	0	0.00525633388232821
ASV_1122	0	0	0	0	0	0	0.00525633388232821
ASV_1124	0	0	0.00941009180067334	0	0	0	0
ASV_1126	0	0	0.00941009180067334	0	0	0	0
ASV_1128	0	0	0	0.00418557928417293	0	0	0
ASV_1129	0.00752665690988919	0	0	0	0	0	0
ASV_1131	0	0.0046975311863876	0	0	0	0	0
ASV_1132	0	0.0046975311863876	0	0	0	0	0
ASV_1133	0	0.0046975311863876	0	0	0	0	0
ASV_1134	0	0.0046975311863876	0	0	0	0	0
ASV_1135	0	0	0	0.00448117904799841	0	0	0
ASV_1136	0	0	0	0.00448117904799841	0	0	0
ASV_1137	0	0.00435706116224607	0	0	0	0	0
ASV_1140	0	0.00435706116224607	0	0	0	0	0
ASV_1142	0	0	0	0	0.0106993353037943	0	0
ASV_1143	0	0	0	0	0	0	0.00467229678429174
ASV_1144	0	0	0	0	0	0	0.00467229678429174
ASV_1147	0	0	0	0	0	0	0.00467229678429174
ASV_1148	0	0	0	0	0	0	0.00467229678429174
ASV_1149	0	0	0.00836452604504297	0	0	0	0
ASV_1152	0	0	0	0.00372051491926483	0	0	0
ASV_1153	0	0	0	0.00372051491926483	0	0	0
ASV_1154	0	0	0	0.00372051491926483	0	0	0
ASV_1155	0	0	0	0.00372051491926483	0	0	0
ASV_1156	0.00669036169767928	0	0	0	0	0	0
ASV_1157	0.00669036169767928	0	0	0	0	0	0
ASV_1158	0.00669036169767928	0	0	0	0	0	0
ASV_1159	0	0.00417558327678898	0	0	0	0	0
ASV_1160	0	0	0	0	0	0	0.00591829789752467
ASV_1161	0	0	0	0	0	0	0.00591829789752467
ASV_1162	0	0	0	0.00398327026488747	0	0	0
ASV_1163	0	0	0	0.00398327026488747	0	0	0
ASV_1164	0	0.00381242851696531	0	0	0	0	0
ASV_1166	0	0	0	0	0	0	0.00408825968625527
ASV_1167	0	0	0	0	0	0	0.00408825968625527
ASV_1168	0	0	0	0	0	0	0.00408825968625527
ASV_1169	0	0	0	0	0	0	0.00408825968625527
ASV_1170	0	0	0	0	0	0	0.00408825968625527
ASV_1172	0	0	0.0073189602894126	0	0	0	0
ASV_1173	0	0	0	0	0	0.00781433148394155	0
ASV_1174	0.00585406648546937	0	0	0	0	0	0
ASV_1176	0	0.00365363536719035	0	0	0	0	0
ASV_1178	0	0	0	0	0	0	0.00517851066033409
ASV_1179	0	0	0	0.00348536148177654	0	0	0
ASV_1180	0	0.00326779587168455	0	0	0	0	0
ASV_1181	0	0.00326779587168455	0	0	0	0	0
ASV_1182	0	0.00326779587168455	0	0	0	0	0
ASV_1183	0	0	0	0	0.00802450147784569	0	0
ASV_1184	0	0	0	0	0.00802450147784569	0	0
ASV_1185	0	0	0	0	0.00802450147784569	0	0
ASV_1186	0	0	0	0	0.00802450147784569	0	0
ASV_1187	0	0	0	0	0	0	0.0035042225882188
ASV_1188	0	0	0	0	0	0	0.0035042225882188
ASV_1189	0	0	0.00627339453378223	0	0	0	0
ASV_1190	0	0	0.00627339453378223	0	0	0	0
ASV_1191	0	0	0.00627339453378223	0	0	0	0
ASV_1193	0	0	0.00627339453378223	0	0	0	0
ASV_1195	0	0	0	0.00279038618944862	0	0	0
ASV_1197	0	0	0	0	0	0.00669799841480704	0
ASV_1198	0.00501777127325946	0	0	0	0	0	0
ASV_1199	0	0	0	0.0029874526986656	0	0	0
ASV_1200	0	0	0	0.0029874526986656	0	0	0
ASV_1201	0	0	0	0.0029874526986656	0	0	0
ASV_1202	0	0	0	0.0029874526986656	0	0	0
ASV_1203	0	0.00272316322640379	0	0	0	0	0
ASV_1205	0	0.00272316322640379	0	0	0	0	0
ASV_1206	0	0.00272316322640379	0	0	0	0	0
ASV_1207	0	0	0	0	0.00668708456487141	0	0
ASV_1208	0	0	0	0	0.00668708456487141	0	0
ASV_1209	0	0	0	0	0.00668708456487141	0	0
ASV_1210	0	0	0	0	0.00668708456487141	0	0
ASV_1211	0	0	0	0	0	0	0.00292018549018234
ASV_1212	0	0	0	0	0	0	0.00292018549018234
ASV_1213	0	0	0	0	0	0	0.00292018549018234
ASV_1214	0	0	0	0	0	0	0.00292018549018234
ASV_1215	0	0	0	0	0	0	0.00292018549018234
ASV_1217	0	0	0.00522782877815186	0	0	0	0
ASV_1218	0	0	0.00522782877815186	0	0	0	0
ASV_1219	0	0	0	0.00232532182454052	0	0	0
ASV_1220	0	0	0	0.00232532182454052	0	0	0
ASV_1221	0	0	0	0.00232532182454052	0	0	0
ASV_1222	0	0	0	0.00232532182454052	0	0	0
ASV_1224	0	0	0	0	0	0.00558166534567254	0
ASV_1225	0	0	0	0	0	0.00558166534567254	0
ASV_1226	0.00418147606104955	0	0	0	0	0	0
ASV_1227	0.00418147606104955	0	0	0	0	0	0
ASV_1228	0.00418147606104955	0	0	0	0	0	0
ASV_1229	0	0.00260973954799311	0	0	0	0	0
ASV_1230	0	0.00260973954799311	0	0	0	0	0
ASV_1231	0	0.00260973954799311	0	0	0	0	0
ASV_1233	0	0.00260973954799311	0	0	0	0	0
ASV_1234	0	0.00260973954799311	0	0	0	0	0
ASV_1237	0	0	0	0.00248954391555467	0	0	0
ASV_1238	0	0.00217853058112303	0	0	0	0	0
ASV_1239	0	0.00217853058112303	0	0	0	0	0
ASV_1240	0	0.00217853058112303	0	0	0	0	0
ASV_1241	0	0.00217853058112303	0	0	0	0	0
ASV_1242	0	0.00217853058112303	0	0	0	0	0
ASV_1244	0	0	0	0	0.00534966765189713	0	0
ASV_1245	0	0	0	0	0	0	0.00233614839214587
ASV_1246	0	0	0	0	0	0	0.00233614839214587
ASV_1247	0	0	0	0	0	0	0.00233614839214587
ASV_1248	0	0	0	0	0	0	0.00233614839214587
ASV_1249	0	0	0.00418226302252149	0	0	0	0
ASV_1250	0	0	0.00418226302252149	0	0	0	0
ASV_1251	0	0	0.00418226302252149	0	0	0	0
ASV_1254	0	0	0	0.00186025745963241	0	0	0
ASV_1255	0	0	0	0.00186025745963241	0	0	0
ASV_1258	0	0	0	0	0	0.00446533227653803	0
ASV_1259	0.00334518084883964	0	0	0	0	0	0
ASV_1260	0.00334518084883964	0	0	0	0	0	0
ASV_1262	0.00334518084883964	0	0	0	0	0	0
ASV_1263	0.00334518084883964	0	0	0	0	0	0
ASV_1264	0	0.00208779163839449	0	0	0	0	0
ASV_1265	0	0.00208779163839449	0	0	0	0	0
ASV_1267	0	0	0	0.00199163513244374	0	0	0
ASV_1269	0	0	0	0.00199163513244374	0	0	0
ASV_1270	0	0	0	0.00199163513244374	0	0	0
ASV_1272	0	0.00163389793584227	0	0	0	0	0
ASV_1273	0	0.00163389793584227	0	0	0	0	0
ASV_1274	0	0	0	0	0.00401225073892284	0	0
ASV_1275	0	0	0	0	0.00401225073892284	0	0
ASV_1276	0	0	0	0	0	0	0.0017521112941094
ASV_1277	0	0	0	0	0	0	0.0017521112941094
ASV_1278	0	0	0.00313669726689111	0	0	0	0
ASV_1279	0	0	0.00313669726689111	0	0	0	0
ASV_1280	0	0	0	0.00139519309472431	0	0	0
ASV_1281	0	0	0	0.00139519309472431	0	0	0
ASV_1284	0	0	0	0.00139519309472431	0	0	0
ASV_1285	0	0	0	0.00139519309472431	0	0	0
ASV_1286	0	0	0	0.00139519309472431	0	0	0
ASV_1287	0	0	0	0	0	0.00334899920740352	0
ASV_1288	0.00250888563662973	0	0	0	0	0	0
ASV_1289	0.00250888563662973	0	0	0	0	0	0
ASV_1290	0.00250888563662973	0	0	0	0	0	0
ASV_1291	0.00250888563662973	0	0	0	0	0	0
ASV_1293	0	0.00156584372879587	0	0	0	0	0
ASV_1294	0	0.00156584372879587	0	0	0	0	0
ASV_1298	0	0	0	0.0014937263493328	0	0	0
ASV_1299	0	0	0	0.0014937263493328	0	0	0
ASV_1300	0	0.00108926529056152	0	0	0	0	0
ASV_1301	0	0.00108926529056152	0	0	0	0	0
ASV_1303	0	0	0	0	0	0	0.00116807419607293
ASV_1304	0	0	0	0	0	0	0.00116807419607293
ASV_1305	0	0	0	0	0	0	0.00116807419607293
ASV_1307	0	0	0.00209113151126074	0	0	0	0
ASV_1308	0	0	0.00209113151126074	0	0	0	0
ASV_1309	0	0	0	0.000930128729816207	0	0	0
ASV_1310	0	0	0	0	0	0.00223266613826901	0
ASV_1311	0	0	0	0	0	0.00223266613826901	0
ASV_1312	0.00167259042441982	0	0	0	0	0	0
ASV_1313	0	0.00104389581919724	0	0	0	0	0
ASV_1314	0	0.00104389581919724	0	0	0	0	0
ASV_1315	0	0.00104389581919724	0	0	0	0	0
ASV_1316	0	0.00104389581919724	0	0	0	0	0
ASV_1317	0	0	0	0	0	0	0.00147957447438117
ASV_1318	0	0	0	0	0	0	0.00147957447438117
ASV_1319	0	0	0	0.000995817566221868	0	0	0
ASV_1320	0	0	0	0.000995817566221868	0	0	0
